Year,Countries,Number of arrivals,Ranking
1992,Total North-East Asia,821230,1
1992,Japan,629930,2
1992,Total Oceania and Antarctica,537890,3
1992,Total North-West Europe,521380,4
1992,New Zealand,447540,5
1992,Total Americas,323620,6
1992,"UK, CIs & IOM",289910,7
1992,United States of America,262850,9
1992,Singapore,116810,10
1992,Germany,89890,11
1992,Hong Kong,74740,12
1992,Taiwan,63470,13
1992,Malaysia,60350,14
1992,Total Southern and Eastern Europe,52230,15
1992,Canada,48930,16
1992,Indonesia,45850,17
1992,Papua New Guinea,36960,18
1992,"Korea, South",33570,19
1992,Thailand,33560,20
1992,Switzerland,29010,21
1992,Italy,27420,22
1992,France,25350,23
1992,Netherlands,23550,24
1992,Total Sub-Saharan Africa,23090,25
1992,Sweden,19120,26
1992,China,18680,27
1992,New Caledonia,17970,28
1992,Other Southern and Eastern Europe,17830,29
1992,Total North Africa and the Middle East,17260,30
1992,Fiji,16340,31
1992,Philippines,16110,32
1992,Total Southern and Central Asia,15990,33
1992,Other Oceania and Antarctica,15820,34
1992,South Africa,15260,35
1992,Austria,10800,36
1992,Denmark,10360,37
1992,India,9600,38
1992,Ireland,8720,39
1992,Other Sub-Saharan Africa,7820,40
1992,Other North Africa and the Middle East,6990,41
1992,Finland,5070,42
1992,Spain,4900,43
1992,Vietnam,4750,44
1992,Israel,4660,45
1992,Norway,4450,46
1992,Belgium,4240,47
1992,Other South-East Asia,4030,48
1992,Sri Lanka,3830,49
1992,Vanuatu,3230,50
1992,Argentina,3100,51
1992,Saudi Arabia,2570,52
1992,Brazil,2480,53
1992,Other Americas,2430,54
1992,Poland,2020,55
1992,Mexico,1940,56
1992,United Arab Emirates,1840,57
1992,Pakistan,1610,58
1992,Chile,1440,59
1992,Iran,1240,60
1992,Other North-East Asia,890,61
1992,Other North-West Europe,880,62
1992,Bangladesh,510,63
1992,Colombia,500,64
1992,Nepal,320,65
1992,Cambodia,230,66
1992,Other Southern and Central Asia,110,67
1992,Russian Federation,40,68
1993,Total North-East Asia,957240,1
1993,Japan,670820,2
1993,Total Oceania and Antarctica,596310,3
1993,Total North-West Europe,573970,4
1993,New Zealand,499270,5
1993,Total Americas,345150,7
1993,"UK, CIs & IOM",310280,8
1993,United States of America,281270,9
1993,Singapore,154900,10
1993,Taiwan,108720,11
1993,Germany,105590,12
1993,Hong Kong,92010,13
1993,Malaysia,80400,14
1993,Indonesia,71550,15
1993,"Korea, South",62020,16
1993,Total Southern and Eastern Europe,59600,17
1993,Canada,50530,18
1993,Thailand,46450,19
1993,Papua New Guinea,40430,20
1993,Total Sub-Saharan Africa,37010,21
1993,Italy,31630,22
1993,France,31000,23
1993,Switzerland,30550,24
1993,Netherlands,27490,25
1993,South Africa,26420,26
1993,China,22270,27
1993,Total North Africa and the Middle East,20900,28
1993,Other Southern and Eastern Europe,19550,29
1993,New Caledonia,18390,30
1993,Philippines,17920,31
1993,Other Oceania and Antarctica,17700,32
1993,Sweden,17600,33
1993,Fiji,17310,34
1993,Total Southern and Central Asia,16030,35
1993,Austria,13150,36
1993,Denmark,11580,37
1993,Ireland,11020,38
1993,Other Sub-Saharan Africa,10560,39
1993,India,9770,40
1993,Other North Africa and the Middle East,8880,41
1993,Israel,5510,42
1993,Spain,5450,43
1993,Belgium,5320,44
1993,Other South-East Asia,5300,45
1993,Finland,4710,46
1993,Norway,4640,47
1993,Argentina,3870,48
1993,Sri Lanka,3630,49
1993,Saudi Arabia,3410,50
1993,Vietnam,3320,51
1993,Vanuatu,3220,52
1993,Brazil,2670,53
1993,Other Americas,2560,54
1993,Poland,2410,55
1993,Mexico,2070,56
1993,United Arab Emirates,1950,57
1993,Chile,1580,58
1993,Pakistan,1390,59
1993,Other North-East Asia,1380,60
1993,Iran,1120,61
1993,Other North-West Europe,1000,62
1993,Bangladesh,700,63
1993,Colombia,570,64
1993,Russian Federation,540,65
1993,Cambodia,510,66
1993,Nepal,340,67
1993,Other Southern and Central Asia,260,68
1994,Total North-East Asia,1116440,1
1994,Japan,721090,2
1994,Total North-West Europe,645090,3
1994,Total Oceania and Antarctica,586180,4
1994,New Zealand,480350,6
1994,Total Americas,361620,7
1994,"UK, CIs & IOM",335310,8
1994,United States of America,289680,9
1994,Singapore,187640,10
1994,Taiwan,142530,11
1994,Germany,122690,12
1994,"Korea, South",110270,13
1994,Hong Kong,109540,14
1994,Indonesia,105710,15
1994,Malaysia,95070,16
1994,Total Southern and Eastern Europe,72790,17
1994,Thailand,66820,18
1994,Canada,54280,19
1994,Total Sub-Saharan Africa,42550,20
1994,Papua New Guinea,41930,21
1994,Italy,36690,22
1994,Switzerland,36360,23
1994,France,34520,24
1994,Netherlands,30920,25
1994,South Africa,30260,26
1994,China,29690,27
1994,Total North Africa and the Middle East,23910,28
1994,Other Southern and Eastern Europe,23320,29
1994,Philippines,21670,30
1994,Other Oceania and Antarctica,20280,31
1994,New Caledonia,20210,32
1994,Sweden,20170,33
1994,Total Southern and Central Asia,19860,34
1994,Fiji,19490,35
1994,Austria,15520,36
1994,Ireland,15160,37
1994,Denmark,14650,38
1994,Other Sub-Saharan Africa,12290,39
1994,India,12090,40
1994,Other North Africa and the Middle East,9950,41
1994,Belgium,7000,42
1994,Israel,6870,43
1994,Spain,6860,44
1994,Other South-East Asia,6280,45
1994,Norway,5770,46
1994,Finland,5540,47
1994,Argentina,5270,48
1994,Sri Lanka,4420,49
1994,Vietnam,4070,50
1994,Vanuatu,3950,51
1994,Brazil,3880,52
1994,Other North-East Asia,3340,53
1994,Other Americas,3260,54
1994,Poland,3160,55
1994,Saudi Arabia,2960,56
1994,United Arab Emirates,2820,57
1994,Russian Federation,2750,58
1994,Mexico,2410,59
1994,Chile,2040,60
1994,Pakistan,1840,61
1994,Other North-West Europe,1500,62
1994,Iran,1300,63
1994,Colombia,810,64
1994,Bangladesh,600,65
1994,Cambodia,550,66
1994,Nepal,500,67
1994,Other Southern and Central Asia,440,68
1995,Total North-East Asia,1278800,1
1995,Japan,782680,2
1995,Total North-West Europe,670870,3
1995,Total Oceania and Antarctica,647150,4
1995,New Zealand,538380,6
1995,Total Americas,381850,7
1995,"UK, CIs & IOM",347890,8
1995,United States of America,304880,9
1995,Singapore,202360,10
1995,"Korea, South",167970,11
1995,Taiwan,151970,12
1995,Indonesia,134950,13
1995,Hong Kong,131690,14
1995,Germany,124190,15
1995,Malaysia,108200,16
1995,Thailand,81320,17
1995,Total Southern and Eastern Europe,76940,18
1995,Canada,58370,19
1995,China,42600,20
1995,Papua New Guinea,42270,21
1995,Total Sub-Saharan Africa,42210,22
1995,Italy,36810,23
1995,Switzerland,35280,24
1995,France,35200,25
1995,Netherlands,34530,26
1995,South Africa,32750,27
1995,Total North Africa and the Middle East,28720,28
1995,Total Southern and Central Asia,27760,29
1995,Philippines,26940,30
1995,Other Southern and Eastern Europe,26560,31
1995,Other Oceania and Antarctica,22570,32
1995,Sweden,22440,33
1995,New Caledonia,21400,34
1995,Fiji,18990,35
1995,Ireland,17360,36
1995,India,17140,37
1995,Austria,16950,38
1995,Denmark,15740,39
1995,Other North Africa and the Middle East,13050,40
1995,Other Sub-Saharan Africa,9490,41
1995,Israel,8130,42
1995,Belgium,7660,43
1995,Spain,7330,44
1995,Other South-East Asia,6910,45
1995,Norway,6640,46
1995,Sri Lanka,5890,47
1995,Finland,5810,48
1995,Vietnam,4780,49
1995,Brazil,4710,50
1995,Argentina,4640,51
1995,Other Americas,4190,52
1995,Vanuatu,3550,53
1995,Poland,3410,54
1995,United Arab Emirates,3260,55
1995,Saudi Arabia,3010,56
1995,Russian Federation,2820,57
1995,Pakistan,2320,58
1995,Chile,2240,59
1995,Mexico,1860,60
1995,Other North-East Asia,1860,61
1995,Iran,1270,62
1995,Other North-West Europe,1190,63
1995,Colombia,970,64
1995,Bangladesh,920,65
1995,Nepal,860,66
1995,Other Southern and Central Asia,690,67
1995,Cambodia,500,68
1996,Total North-East Asia,1409800,1
1996,Japan,813100,2
1996,Total Oceania and Antarctica,786680,3
1996,Total North-West Europe,709690,4
1996,New Zealand,671880,5
1996,Total Americas,401270,7
1996,"UK, CIs & IOM",367530,8
1996,United States of America,316880,9
1996,"Korea, South",227860,10
1996,Singapore,222820,11
1996,Taiwan,159400,12
1996,Indonesia,154440,13
1996,Hong Kong,153190,14
1996,Malaysia,134410,15
1996,Germany,125400,16
1996,Thailand,88920,17
1996,Total Southern and Eastern Europe,84060,18
1996,Canada,61130,19
1996,China,53980,20
1996,Total Sub-Saharan Africa,53030,21
1996,Papua New Guinea,43480,22
1996,South Africa,42640,23
1996,Italy,40570,24
1996,Switzerland,39420,25
1996,Netherlands,38820,26
1996,France,34950,27
1996,Total Southern and Central Asia,33690,28
1996,Philippines,33570,29
1996,Total North Africa and the Middle East,32480,30
1996,Other Southern and Eastern Europe,29810,31
1996,New Caledonia,23470,32
1996,Sweden,23450,33
1996,Other Oceania and Antarctica,22970,34
1996,India,21340,35
1996,Fiji,21250,36
1996,Ireland,20820,37
1996,Austria,17400,38
1996,Denmark,17330,39
1996,Other North Africa and the Middle East,12930,40
1996,Other Sub-Saharan Africa,10420,41
1996,Israel,9360,42
1996,Belgium,9140,43
1996,Other South-East Asia,8520,44
1996,Spain,8110,45
1996,Norway,7240,46
1996,Brazil,7060,47
1996,Sri Lanka,6810,48
1996,Finland,6640,49
1996,United Arab Emirates,5770,50
1996,Argentina,5350,51
1996,Vietnam,5350,52
1996,Other Americas,5180,53
1996,Poland,3730,54
1996,Vanuatu,3670,55
1996,Saudi Arabia,2960,56
1996,Pakistan,2740,57
1996,Chile,2420,58
1996,Other North-East Asia,2230,59
1996,Mexico,2220,60
1996,Russian Federation,1850,61
1996,Other North-West Europe,1580,62
1996,Iran,1430,63
1996,Bangladesh,1050,64
1996,Colombia,1010,65
1996,Nepal,890,66
1996,Other Southern and Central Asia,870,67
1996,Cambodia,390,68
1997,Total North-East Asia,1420880,1
1997,Japan,813890,2
1997,Total Oceania and Antarctica,802610,3
1997,Total North-West Europe,773310,4
1997,New Zealand,685650,5
1997,Total Americas,420100,7
1997,"UK, CIs & IOM",410630,8
1997,United States of America,329580,9
1997,Singapore,239290,10
1997,"Korea, South",233810,11
1997,Indonesia,160380,12
1997,Taiwan,153250,13
1997,Hong Kong,151720,14
1997,Malaysia,143680,15
1997,Germany,128870,16
1997,Total Southern and Eastern Europe,96400,17
1997,Thailand,68580,18
1997,China,65850,19
1997,Canada,64770,20
1997,Total Sub-Saharan Africa,56960,21
1997,Italy,45840,22
1997,South Africa,45190,23
1997,Papua New Guinea,43970,24
1997,Netherlands,42030,25
1997,Philippines,41070,26
1997,France,40000,27
1997,Switzerland,38610,28
1997,Total Southern and Central Asia,38470,29
1997,Total North Africa and the Middle East,35370,30
1997,Other Southern and Eastern Europe,34250,31
1997,Other Oceania and Antarctica,27910,32
1997,India,26140,33
1997,Ireland,25300,34
1997,Sweden,24030,35
1997,New Caledonia,21780,36
1997,Fiji,20010,37
1997,Austria,19550,38
1997,Denmark,16990,39
1997,Other North Africa and the Middle East,13570,40
1997,Other Sub-Saharan Africa,11800,41
1997,Israel,10600,42
1997,Norway,9440,43
1997,Spain,9380,44
1997,Belgium,9240,45
1997,Brazil,8320,46
1997,Other South-East Asia,8080,47
1997,Vietnam,7090,48
1997,Finland,6760,49
1997,Sri Lanka,6020,50
1997,United Arab Emirates,5830,51
1997,Argentina,5610,52
1997,Other Americas,5050,53
1997,Poland,4230,54
1997,Saudi Arabia,3680,55
1997,Vanuatu,3270,56
1997,Pakistan,3040,57
1997,Russian Federation,2710,58
1997,Mexico,2570,59
1997,Chile,2490,60
1997,Other North-East Asia,2360,61
1997,Other North-West Europe,1840,62
1997,Iran,1720,63
1997,Colombia,1700,64
1997,Bangladesh,1490,65
1997,Other Southern and Central Asia,1090,66
1997,Cambodia,1020,67
1997,Nepal,690,68
1998,Total North-East Asia,1190690,1
1998,Total North-West Europe,846250,2
1998,Total Oceania and Antarctica,837020,3
1998,Japan,751130,4
1998,New Zealand,709410,5
1998,Total Americas,473600,7
1998,"UK, CIs & IOM",467550,8
1998,United States of America,373910,9
1998,Singapore,247080,10
1998,Taiwan,149940,11
1998,Hong Kong,143420,12
1998,Germany,127380,13
1998,Malaysia,112090,14
1998,Total Southern and Eastern Europe,101170,15
1998,Indonesia,93040,16
1998,China,76560,17
1998,Canada,71700,18
1998,Total Sub-Saharan Africa,70940,19
1998,"Korea, South",66640,20
1998,South Africa,56910,21
1998,Thailand,49120,22
1998,Italy,47840,23
1998,Netherlands,46980,24
1998,Papua New Guinea,44910,25
1998,Total Southern and Central Asia,43600,26
1998,France,42970,27
1998,Total North Africa and the Middle East,42010,28
1998,Switzerland,40330,29
1998,Philippines,35380,30
1998,Other Southern and Eastern Europe,35240,31
1998,Other Oceania and Antarctica,32140,32
1998,Ireland,31020,33
1998,India,29390,34
1998,Sweden,26830,35
1998,New Caledonia,23670,36
1998,Fiji,22670,37
1998,Denmark,18200,38
1998,Austria,16920,39
1998,Other North Africa and the Middle East,16180,40
1998,Other Sub-Saharan Africa,14040,41
1998,Israel,10960,42
1998,Spain,10590,43
1998,Norway,10560,44
1998,United Arab Emirates,10160,45
1998,Belgium,9430,46
1998,Other South-East Asia,9420,47
1998,Brazil,8640,48
1998,Vietnam,8630,49
1998,Sri Lanka,6820,50
1998,Argentina,6570,51
1998,Finland,6250,52
1998,Other Americas,5380,53
1998,Poland,4530,54
1998,Vanuatu,4230,55
1998,Saudi Arabia,3530,56
1998,Other North-East Asia,3040,57
1998,Russian Federation,2990,58
1998,Pakistan,2970,59
1998,Chile,2920,60
1998,Mexico,2850,61
1998,Bangladesh,2020,62
1998,Other North-West Europe,1860,63
1998,Colombia,1650,64
1998,Cambodia,1440,65
1998,Other Southern and Central Asia,1440,66
1998,Iran,1170,67
1998,Nepal,960,68
1999,Total North-East Asia,1198770,1
1999,Total North-West Europe,957170,2
1999,Total Oceania and Antarctica,866630,3
1999,New Zealand,728790,4
1999,Japan,707480,5
1999,"UK, CIs & IOM",528440,7
1999,Total Americas,527610,8
1999,United States of America,417040,9
1999,Singapore,266960,10
1999,Taiwan,147510,11
1999,Germany,144500,12
1999,Malaysia,139780,13
1999,Hong Kong,139560,14
1999,Total Southern and Eastern Europe,111310,15
1999,"Korea, South",108630,16
1999,China,92590,17
1999,Indonesia,90990,18
1999,Canada,78380,19
1999,Total Sub-Saharan Africa,71290,20
1999,Thailand,61850,21
1999,South Africa,57950,22
1999,Netherlands,52280,23
1999,Total North Africa and the Middle East,51880,24
1999,Italy,51430,25
1999,Papua New Guinea,50430,26
1999,Total Southern and Central Asia,49670,27
1999,France,49140,28
1999,Switzerland,45090,29
1999,Ireland,40450,30
1999,Philippines,40270,31
1999,Other Southern and Eastern Europe,38690,32
1999,India,33640,33
1999,Other Oceania and Antarctica,30960,34
1999,Sweden,29450,35
1999,Fiji,25910,36
1999,New Caledonia,25010,37
1999,Other North Africa and the Middle East,19680,38
1999,Denmark,18480,39
1999,Austria,17350,40
1999,United Arab Emirates,14250,41
1999,Other Sub-Saharan Africa,13360,42
1999,Spain,12790,43
1999,Israel,12470,44
1999,Norway,11910,45
1999,Belgium,10380,46
1999,Vietnam,8920,47
1999,Argentina,8780,48
1999,Brazil,8530,49
1999,Sri Lanka,8130,50
1999,Other South-East Asia,8080,51
1999,Finland,7750,52
1999,Other Americas,6550,53
1999,Vanuatu,5490,54
1999,Poland,5120,55
1999,Saudi Arabia,4260,56
1999,Mexico,3750,57
1999,Russian Federation,3270,58
1999,Pakistan,3050,59
1999,Other North-East Asia,3030,60
1999,Chile,2830,61
1999,Bangladesh,2630,62
1999,Other North-West Europe,1960,63
1999,Colombia,1740,64
1999,Other Southern and Central Asia,1360,65
1999,Iran,1240,66
1999,Cambodia,1180,67
1999,Nepal,830,68
2000,Total North-East Asia,1290540,1
2000,Total North-West Europe,1052670,2
2000,Total Oceania and Antarctica,949570,3
2000,New Zealand,817030,4
2000,Japan,720980,5
2000,Total Americas,620930,7
2000,"UK, CIs & IOM",580440,8
2000,United States of America,488120,9
2000,Singapore,285730,10
2000,"Korea, South",157390,11
2000,Hong Kong,154100,12
2000,Malaysia,152080,13
2000,Germany,143260,14
2000,Total Southern and Eastern Europe,137650,15
2000,Taiwan,134350,16
2000,China,120260,17
2000,Indonesia,98110,18
2000,Canada,88290,19
2000,Total Sub-Saharan Africa,77640,20
2000,Thailand,72750,21
2000,Netherlands,61250,22
2000,Total Southern and Central Asia,60420,23
2000,South Africa,59510,24
2000,Italy,57930,25
2000,France,57330,26
2000,Total North Africa and the Middle East,54820,27
2000,Other Southern and Eastern Europe,50430,28
2000,Switzerland,47850,29
2000,Ireland,46440,30
2000,Papua New Guinea,44470,31
2000,India,41450,32
2000,Philippines,39180,33
2000,Sweden,36780,34
2000,Other Oceania and Antarctica,33170,35
2000,New Caledonia,25270,36
2000,Fiji,23160,37
2000,Other North Africa and the Middle East,22300,38
2000,Denmark,20680,39
2000,Austria,18570,40
2000,Other Sub-Saharan Africa,18130,41
2000,Norway,16580,42
2000,Spain,16350,43
2000,Other South-East Asia,13480,44
2000,United Arab Emirates,13450,45
2000,Brazil,13390,46
2000,Israel,13120,47
2000,Belgium,11800,48
2000,Other Americas,9640,49
2000,Argentina,9580,50
2000,Sri Lanka,9460,51
2000,Finland,9450,52
2000,Vietnam,8820,53
2000,Poland,6780,54
2000,Vanuatu,6460,55
2000,Mexico,6230,56
2000,Russian Federation,6180,57
2000,Saudi Arabia,4370,58
2000,Other North-East Asia,3530,59
2000,Bangladesh,3310,60
2000,Chile,3240,61
2000,Other Southern and Central Asia,2640,62
2000,Pakistan,2510,63
2000,Colombia,2490,64
2000,Other North-West Europe,2260,65
2000,Iran,1610,66
2000,Cambodia,1340,67
2000,Nepal,1060,68
2001,Total North-East Asia,1274260,1
2001,Total North-West Europe,1073440,2
2001,Total Oceania and Antarctica,939880,3
2001,New Zealand,814880,4
2001,Japan,673570,6
2001,"UK, CIs & IOM",617200,7
2001,Total Americas,577450,8
2001,United States of America,446450,9
2001,Singapore,296000,10
2001,"Korea, South",175600,11
2001,China,157940,12
2001,Hong Kong,154150,13
2001,Malaysia,149410,14
2001,Germany,147610,15
2001,Taiwan,110080,16
2001,Total Southern and Eastern Europe,102870,17
2001,Indonesia,97880,18
2001,Canada,93150,19
2001,Thailand,79950,20
2001,Total Sub-Saharan Africa,72630,21
2001,Total Southern and Central Asia,64750,22
2001,Netherlands,56510,23
2001,Total North Africa and the Middle East,55130,24
2001,South Africa,54940,25
2001,Ireland,51570,26
2001,France,50030,27
2001,India,48200,28
2001,Switzerland,46220,29
2001,Italy,43310,30
2001,Papua New Guinea,38950,31
2001,Other Southern and Eastern Europe,36270,32
2001,Sweden,31650,33
2001,Philippines,30410,34
2001,New Caledonia,28710,35
2001,Other Oceania and Antarctica,27950,36
2001,Fiji,24520,37
2001,Other North Africa and the Middle East,20590,38
2001,Denmark,18340,39
2001,Austria,17940,40
2001,Other Sub-Saharan Africa,17700,41
2001,Norway,16570,42
2001,Other South-East Asia,14690,43
2001,Israel,14560,44
2001,United Arab Emirates,13970,45
2001,Spain,12420,46
2001,Brazil,11610,47
2001,Belgium,10460,48
2001,Vietnam,9300,49
2001,Sri Lanka,8290,50
2001,Argentina,7870,51
2001,Other Americas,7750,52
2001,Finland,7250,53
2001,Poland,6460,54
2001,Vanuatu,4870,55
2001,Mexico,4680,56
2001,Russian Federation,4410,57
2001,Saudi Arabia,4090,58
2001,Chile,3780,59
2001,Bangladesh,3250,60
2001,Other North-East Asia,2910,61
2001,Pakistan,2660,62
2001,Colombia,2200,63
2001,Other North-West Europe,2080,64
2001,Iran,1920,65
2001,Cambodia,1410,66
2001,Other Southern and Central Asia,1190,67
2001,Nepal,1130,68
2002,Total North-East Asia,1345510,1
2002,Total North-West Europe,1074560,2
2002,Total Oceania and Antarctica,904410,3
2002,New Zealand,790080,4
2002,Japan,715460,5
2002,"UK, CIs & IOM",642650,7
2002,Total Americas,556180,8
2002,United States of America,434500,9
2002,Singapore,286860,10
2002,China,190020,11
2002,"Korea, South",189730,12
2002,Malaysia,159000,13
2002,Hong Kong,150950,14
2002,Germany,134810,15
2002,Total Southern and Eastern Europe,104130,16
2002,Taiwan,97420,17
2002,Canada,90870,18
2002,Indonesia,89430,19
2002,Thailand,82660,20
2002,Total Sub-Saharan Africa,67520,21
2002,Total Southern and Central Asia,59370,22
2002,Netherlands,53000,23
2002,Total North Africa and the Middle East,51250,24
2002,South Africa,50970,25
2002,France,49550,26
2002,Ireland,48040,27
2002,India,45020,28
2002,Italy,43300,29
2002,Switzerland,41510,30
2002,Other Southern and Eastern Europe,35190,31
2002,Papua New Guinea,31260,32
2002,Sweden,30890,33
2002,New Caledonia,30500,34
2002,Philippines,28460,35
2002,Other Oceania and Antarctica,24130,36
2002,Fiji,23170,37
2002,Austria,19020,38
2002,Denmark,18870,39
2002,Other North Africa and the Middle East,17040,40
2002,Other South-East Asia,16980,41
2002,Norway,16860,42
2002,Other Sub-Saharan Africa,16560,43
2002,Israel,15060,44
2002,United Arab Emirates,13300,45
2002,Spain,12440,46
2002,Belgium,10800,47
2002,Brazil,10240,48
2002,Vietnam,9240,49
2002,Poland,8760,50
2002,Sri Lanka,7190,51
2002,Finland,6530,52
2002,Other Americas,6220,53
2002,Mexico,5400,54
2002,Vanuatu,5260,55
2002,Argentina,4360,56
2002,Russian Federation,4360,57
2002,Saudi Arabia,4060,58
2002,Bangladesh,3140,59
2002,Chile,3010,60
2002,Pakistan,2070,61
2002,Other North-West Europe,1990,62
2002,Other North-East Asia,1910,63
2002,Iran,1770,64
2002,Colombia,1600,65
2002,Cambodia,1170,66
2002,Other Southern and Central Asia,1030,67
2002,Nepal,920,68
2003,Total North-East Asia,1230050,1
2003,Total North-West Europe,1113020,2
2003,Total Oceania and Antarctica,956480,3
2003,New Zealand,839090,4
2003,"UK, CIs & IOM",672810,5
2003,Japan,627740,6
2003,Total Americas,537500,8
2003,United States of America,422130,9
2003,Singapore,253360,10
2003,"Korea, South",207280,11
2003,China,176140,12
2003,Malaysia,155610,13
2003,Germany,137890,14
2003,Hong Kong,129290,15
2003,Total Southern and Eastern Europe,97940,16
2003,Indonesia,90270,17
2003,Canada,87920,18
2003,Taiwan,87740,19
2003,Thailand,73160,20
2003,Total Sub-Saharan Africa,69170,21
2003,Total Southern and Central Asia,62180,22
2003,Ireland,52960,23
2003,South Africa,52730,24
2003,Total North Africa and the Middle East,52640,25
2003,France,51380,26
2003,Netherlands,50950,27
2003,India,45610,28
2003,Italy,41320,29
2003,Switzerland,40910,30
2003,Other Southern and Eastern Europe,33610,31
2003,New Caledonia,33600,32
2003,Sweden,31800,33
2003,Papua New Guinea,27310,34
2003,Philippines,27010,35
2003,Other Oceania and Antarctica,25740,36
2003,Fiji,25470,37
2003,Denmark,19010,38
2003,Austria,18810,39
2003,Other North Africa and the Middle East,18270,40
2003,Norway,17180,41
2003,Other Sub-Saharan Africa,16430,42
2003,United Arab Emirates,15230,43
2003,Other South-East Asia,15100,44
2003,Israel,13340,45
2003,Spain,12430,46
2003,Belgium,9860,47
2003,Vietnam,9450,48
2003,Sri Lanka,8550,49
2003,Brazil,8310,50
2003,Finland,7680,51
2003,Poland,5490,52
2003,Mexico,5270,53
2003,Vanuatu,5250,54
2003,Other Americas,5240,55
2003,Russian Federation,5050,56
2003,Saudi Arabia,4040,57
2003,Argentina,3710,58
2003,Chile,3460,59
2003,Bangladesh,3400,60
2003,Pakistan,2610,61
2003,Other North-East Asia,1870,62
2003,Other North-West Europe,1770,63
2003,Iran,1760,64
2003,Colombia,1410,65
2003,Cambodia,1300,66
2003,Other Southern and Central Asia,1200,67
2003,Nepal,830,68
2004,Total North-East Asia,1407430,1
2004,Total Oceania and Antarctica,1150740,2
2004,Total North-West Europe,1137640,3
2004,New Zealand,1029460,4
2004,Japan,707090,5
2004,"UK, CIs & IOM",679320,6
2004,Total Americas,561280,8
2004,United States of America,431170,9
2004,China,250210,10
2004,Singapore,243900,11
2004,"Korea, South",213580,12
2004,Malaysia,165070,13
2004,Germany,141760,14
2004,Hong Kong,135640,15
2004,Total Southern and Eastern Europe,113580,16
2004,Canada,100170,17
2004,Taiwan,98600,18
2004,Indonesia,83630,19
2004,Thailand,77680,20
2004,Total Southern and Central Asia,72860,21
2004,Total Sub-Saharan Africa,66900,22
2004,Total North Africa and the Middle East,62740,23
2004,France,58430,24
2004,India,54710,25
2004,Ireland,54440,26
2004,South Africa,50100,27
2004,Netherlands,48700,28
2004,Italy,47410,29
2004,Switzerland,42100,30
2004,Other Southern and Eastern Europe,37620,31
2004,New Caledonia,35910,32
2004,Sweden,33990,33
2004,Philippines,31280,34
2004,Other Oceania and Antarctica,27450,35
2004,Papua New Guinea,25710,36
2004,Fiji,25270,37
2004,Other North Africa and the Middle East,22680,38
2004,Denmark,20760,39
2004,United Arab Emirates,18660,40
2004,Austria,18160,41
2004,Norway,17170,42
2004,Other Sub-Saharan Africa,16800,43
2004,Spain,16040,44
2004,Israel,14310,45
2004,Other South-East Asia,11450,46
2004,Vietnam,11270,47
2004,Belgium,11210,48
2004,Brazil,10430,49
2004,Sri Lanka,9820,50
2004,Finland,9550,51
2004,Vanuatu,6870,52
2004,Poland,6260,53
2004,Russian Federation,6250,54
2004,Other Americas,5460,55
2004,Mexico,5110,56
2004,Saudi Arabia,4860,57
2004,Chile,3960,58
2004,Argentina,3630,59
2004,Bangladesh,3510,60
2004,Pakistan,2580,61
2004,Other North-East Asia,2320,62
2004,Iran,2180,63
2004,Other North-West Europe,2110,64
2004,Cambodia,1970,65
2004,Colombia,1420,66
2004,Other Southern and Central Asia,1400,67
2004,Nepal,840,68
2005,Total North-East Asia,1487210,1
2005,Total Oceania and Antarctica,1213550,2
2005,Total North-West Europe,1204850,3
2005,New Zealand,1088020,4
2005,"UK, CIs & IOM",714810,5
2005,Japan,679970,6
2005,Total Americas,584930,8
2005,United States of America,442650,9
2005,China,282730,10
2005,"Korea, South",254630,11
2005,Singapore,248140,12
2005,Malaysia,161710,13
2005,Hong Kong,156180,14
2005,Germany,149060,15
2005,Total Southern and Eastern Europe,122890,16
2005,Taiwan,110790,17
2005,Canada,106730,18
2005,Total Southern and Central Asia,85440,19
2005,Indonesia,82690,20
2005,Thailand,72960,21
2005,Total Sub-Saharan Africa,68880,22
2005,Total North Africa and the Middle East,68640,23
2005,India,65800,24
2005,France,65750,25
2005,Ireland,61890,26
2005,Italy,51530,27
2005,South Africa,51090,28
2005,Netherlands,51010,29
2005,Switzerland,42870,30
2005,Other Southern and Eastern Europe,40280,31
2005,New Caledonia,37810,32
2005,Sweden,36420,33
2005,Philippines,33900,34
2005,Papua New Guinea,27540,35
2005,Fiji,26780,36
2005,Other Oceania and Antarctica,26660,37
2005,Other North Africa and the Middle East,24880,38
2005,Denmark,23150,39
2005,United Arab Emirates,19240,40
2005,Austria,18240,41
2005,Other Sub-Saharan Africa,17790,42
2005,Spain,17060,43
2005,Norway,17050,44
2005,Israel,15710,45
2005,Vietnam,13620,46
2005,Brazil,12960,47
2005,Belgium,12160,48
2005,Other South-East Asia,10840,49
2005,Sri Lanka,10220,50
2005,Finland,10100,51
2005,Russian Federation,7390,52
2005,Vanuatu,6730,53
2005,Poland,6630,54
2005,Other Americas,6260,55
2005,Saudi Arabia,6100,56
2005,Mexico,5350,57
2005,Chile,4860,58
2005,Argentina,4160,59
2005,Pakistan,3480,60
2005,Other North-East Asia,2900,61
2005,Bangladesh,2750,62
2005,Iran,2710,63
2005,Cambodia,2510,64
2005,Other North-West Europe,2350,65
2005,Other Southern and Central Asia,2110,66
2005,Colombia,1990,67
2005,Nepal,1070,68
2006,Total North-East Asia,1463020,1
2006,Total North-West Europe,1246250,2
2006,Total Oceania and Antarctica,1197360,3
2006,New Zealand,1065210,4
2006,"UK, CIs & IOM",744670,5
2006,Japan,645910,6
2006,Total Americas,613500,7
2006,United States of America,452250,9
2006,China,305570,10
2006,"Korea, South",266490,11
2006,Singapore,229010,12
2006,Germany,151840,13
2006,Hong Kong,147730,14
2006,Malaysia,145990,15
2006,Total Southern and Eastern Europe,128160,16
2006,Canada,115810,17
2006,Total Southern and Central Asia,102660,18
2006,Taiwan,94270,19
2006,Indonesia,82470,20
2006,India,80710,21
2006,Total Sub-Saharan Africa,75850,22
2006,Total North Africa and the Middle East,70420,23
2006,France,69710,24
2006,Thailand,68590,25
2006,Ireland,61290,26
2006,South Africa,55660,27
2006,Netherlands,52870,28
2006,Italy,52610,29
2006,Switzerland,44230,30
2006,Other Southern and Eastern Europe,40660,31
2006,New Caledonia,39700,32
2006,Philippines,37570,33
2006,Sweden,37100,34
2006,Papua New Guinea,29890,35
2006,Other Oceania and Antarctica,28680,36
2006,Fiji,26990,37
2006,Other North Africa and the Middle East,25660,38
2006,Denmark,23840,39
2006,Other Sub-Saharan Africa,20170,40
2006,United Arab Emirates,19970,41
2006,Spain,18640,42
2006,Austria,18170,43
2006,Vietnam,17980,44
2006,Brazil,16960,45
2006,Norway,16310,46
2006,Israel,15010,47
2006,Belgium,13290,48
2006,Sri Lanka,11630,49
2006,Other South-East Asia,11090,50
2006,Finland,10520,51
2006,Russian Federation,9240,52
2006,Other Americas,8000,53
2006,Poland,6980,54
2006,Vanuatu,6890,55
2006,Saudi Arabia,6590,56
2006,Chile,6470,57
2006,Mexico,6140,58
2006,Argentina,5050,59
2006,Pakistan,3880,60
2006,Iran,3200,61
2006,Cambodia,3200,62
2006,Other North-East Asia,3040,63
2006,Bangladesh,2980,64
2006,Colombia,2840,65
2006,Other North-West Europe,2410,66
2006,Other Southern and Central Asia,2050,67
2006,Nepal,1440,68
2007,Total North-East Asia,1419530,1
2007,Total Oceania and Antarctica,1264490,2
2007,Total North-West Europe,1232850,3
2007,New Zealand,1128940,4
2007,"UK, CIs & IOM",705730,5
2007,Total Americas,637680,6
2007,Japan,569710,8
2007,United States of America,458610,9
2007,China,354610,10
2007,"Korea, South",259380,11
2007,Singapore,232850,12
2007,Germany,156400,13
2007,Malaysia,152910,14
2007,Total Southern and Eastern Europe,144330,15
2007,Hong Kong,138780,16
2007,Canada,123690,17
2007,Total Southern and Central Asia,114920,18
2007,Taiwan,93440,19
2007,India,90360,20
2007,Indonesia,89910,21
2007,Total Sub-Saharan Africa,82900,22
2007,Total North Africa and the Middle East,81110,23
2007,France,77690,24
2007,Thailand,74170,25
2007,Ireland,70120,26
2007,South Africa,61630,27
2007,Italy,55130,28
2007,Netherlands,53750,29
2007,Other Southern and Eastern Europe,46990,30
2007,Philippines,44050,31
2007,Switzerland,43920,32
2007,New Caledonia,41400,33
2007,Sweden,36870,34
2007,Papua New Guinea,31880,35
2007,Other Oceania and Antarctica,30050,36
2007,United Arab Emirates,26660,37
2007,Other North Africa and the Middle East,26550,38
2007,Vietnam,25030,39
2007,Fiji,24400,40
2007,Denmark,23600,41
2007,Other Sub-Saharan Africa,21250,42
2007,Spain,21200,43
2007,Brazil,20020,44
2007,Austria,18190,45
2007,Norway,16930,46
2007,Israel,15950,47
2007,Belgium,14850,48
2007,Other South-East Asia,12780,49
2007,Russian Federation,12320,50
2007,Finland,12130,51
2007,Sri Lanka,11930,52
2007,Other Americas,9470,53
2007,Poland,8690,54
2007,Chile,8310,55
2007,Vanuatu,7830,56
2007,Saudi Arabia,7530,57
2007,Mexico,7220,58
2007,Argentina,5970,59
2007,Pakistan,4660,60
2007,Iran,4410,61
2007,Colombia,4410,62
2007,Cambodia,3760,63
2007,Other North-East Asia,3570,64
2007,Bangladesh,3540,65
2007,Other North-West Europe,2700,66
2007,Nepal,2270,67
2007,Other Southern and Central Asia,2140,68
2008,Total Oceania and Antarctica,1259010,1
2008,Total North-West Europe,1255410,2
2008,Total North-East Asia,1246250,3
2008,New Zealand,1104680,4
2008,"UK, CIs & IOM",696220,5
2008,Total Americas,665060,7
2008,United States of America,462820,8
2008,Japan,455560,9
2008,China,354360,10
2008,Singapore,230920,11
2008,"Korea, South",222820,12
2008,Germany,165870,13
2008,Malaysia,165690,14
2008,Total Southern and Eastern Europe,165130,15
2008,Total Southern and Central Asia,135300,16
2008,Canada,135230,17
2008,Hong Kong,131530,18
2008,India,108830,19
2008,Indonesia,94970,20
2008,France,93590,21
2008,Total North Africa and the Middle East,92290,22
2008,Total Sub-Saharan Africa,91040,23
2008,Taiwan,78090,24
2008,Thailand,71480,25
2008,Ireland,71130,26
2008,South Africa,67420,27
2008,Italy,61750,28
2008,Netherlands,58100,29
2008,Philippines,52090,30
2008,Other Southern and Eastern Europe,51000,31
2008,New Caledonia,45880,32
2008,Switzerland,42310,33
2008,Papua New Guinea,38160,34
2008,Sweden,36530,35
2008,Other Oceania and Antarctica,35380,36
2008,United Arab Emirates,32470,37
2008,Vietnam,31610,38
2008,Other North Africa and the Middle East,28540,39
2008,Spain,27520,40
2008,Fiji,27230,41
2008,Brazil,26110,42
2008,Denmark,25370,43
2008,Other Sub-Saharan Africa,23620,44
2008,Norway,18590,45
2008,Austria,17900,46
2008,Israel,16510,47
2008,Belgium,15060,48
2008,Other South-East Asia,13940,49
2008,Russian Federation,13700,50
2008,Sri Lanka,12980,51
2008,Finland,11890,52
2008,Other Americas,11110,53
2008,Poland,11110,54
2008,Chile,10360,55
2008,Saudi Arabia,9920,56
2008,Mexico,7740,57
2008,Vanuatu,7720,58
2008,Colombia,6050,59
2008,Argentina,5650,60
2008,Pakistan,5030,61
2008,Iran,4830,62
2008,Cambodia,4460,63
2008,Other North-East Asia,3870,64
2008,Bangladesh,3780,65
2008,Other North-West Europe,2820,66
2008,Nepal,2540,67
2008,Other Southern and Central Asia,2170,68
2009,Total Oceania and Antarctica,1259670,1
2009,Total North-West Europe,1246290,2
2009,Total North-East Asia,1150130,3
2009,New Zealand,1099910,4
2009,Total Americas,686590,6
2009,"UK, CIs & IOM",684590,7
2009,United States of America,484340,8
2009,China,362690,9
2009,Japan,354000,10
2009,Singapore,246490,11
2009,Malaysia,204200,12
2009,"Korea, South",185710,13
2009,Germany,165360,14
2009,Total Southern and Eastern Europe,153320,15
2009,Total Southern and Central Asia,150810,16
2009,Hong Kong,144150,17
2009,Canada,133450,18
2009,India,119420,19
2009,Indonesia,107190,20
2009,France,101950,21
2009,Taiwan,99140,22
2009,Total North Africa and the Middle East,91100,23
2009,Total Sub-Saharan Africa,82800,24
2009,Thailand,73740,25
2009,Ireland,65230,26
2009,South Africa,59500,27
2009,Italy,57750,28
2009,Netherlands,55130,29
2009,Philippines,52170,30
2009,Other Southern and Eastern Europe,50100,31
2009,Switzerland,46630,32
2009,New Caledonia,45950,33
2009,Papua New Guinea,42840,34
2009,Sweden,34750,35
2009,Vietnam,33490,36
2009,Other Oceania and Antarctica,31720,37
2009,United Arab Emirates,30110,38
2009,Fiji,29920,39
2009,Other North Africa and the Middle East,28770,40
2009,Brazil,27060,41
2009,Denmark,25160,42
2009,Other Sub-Saharan Africa,23300,43
2009,Spain,23090,44
2009,Norway,18600,45
2009,Austria,17500,46
2009,Belgium,16270,47
2009,Israel,14830,48
2009,Other South-East Asia,14040,49
2009,Russian Federation,13420,50
2009,Sri Lanka,13200,51
2009,Finland,12610,52
2009,Saudi Arabia,12210,53
2009,Chile,10260,54
2009,Other Americas,10080,55
2009,Vanuatu,9370,56
2009,Poland,8940,57
2009,Argentina,7860,58
2009,Mexico,7040,59
2009,Pakistan,6480,60
2009,Colombia,6470,61
2009,Cambodia,5350,62
2009,Iran,5180,63
2009,Bangladesh,5120,64
2009,Other North-East Asia,4430,65
2009,Nepal,3930,66
2009,Other Southern and Central Asia,2670,67
2009,Other North-West Europe,2520,68
2010,Total Oceania and Antarctica,1317240,1
2010,Total North-East Asia,1309640,2
2010,Total North-West Europe,1233220,3
2010,New Zealand,1150210,4
2010,Total Americas,684710,6
2010,"UK, CIs & IOM",673430,7
2010,United States of America,479280,8
2010,China,451810,9
2010,Japan,396370,10
2010,Singapore,265100,11
2010,Malaysia,226410,12
2010,"Korea, South",218610,13
2010,Total Southern and Central Asia,177140,14
2010,Germany,166210,15
2010,Total Southern and Eastern Europe,158390,16
2010,Hong Kong,150550,17
2010,India,138560,18
2010,Canada,135490,19
2010,Indonesia,121880,20
2010,France,107270,21
2010,Total North Africa and the Middle East,101100,22
2010,Taiwan,87670,23
2010,Total Sub-Saharan Africa,87030,24
2010,Thailand,74860,25
2010,South Africa,60880,26
2010,Philippines,59070,27
2010,Italy,58800,28
2010,Ireland,55300,29
2010,Netherlands,53630,30
2010,Other Southern and Eastern Europe,51570,31
2010,Papua New Guinea,47300,32
2010,Switzerland,47270,33
2010,New Caledonia,46450,34
2010,Sweden,36480,35
2010,Vietnam,35660,36
2010,United Arab Emirates,33630,37
2010,Other Oceania and Antarctica,32780,38
2010,Other North Africa and the Middle East,31340,39
2010,Fiji,30700,40
2010,Brazil,28580,41
2010,Other Sub-Saharan Africa,26160,42
2010,Denmark,23920,43
2010,Spain,23920,44
2010,Norway,19930,45
2010,Belgium,17950,46
2010,Austria,17050,47
2010,Sri Lanka,16350,48
2010,Israel,15210,49
2010,Russian Federation,14730,50
2010,Other South-East Asia,14680,51
2010,Saudi Arabia,13460,52
2010,Finland,12450,53
2010,Other Americas,10540,54
2010,Vanuatu,9860,55
2010,Chile,9640,56
2010,Poland,9370,57
2010,Pakistan,8250,58
2010,Argentina,7940,59
2010,Iran,7430,60
2010,Mexico,6680,61
2010,Colombia,6570,62
2010,Bangladesh,6270,63
2010,Cambodia,5450,64
2010,Nepal,4640,65
2010,Other North-East Asia,4590,66
2010,Other Southern and Central Asia,3070,67
2010,Other North-West Europe,2340,68
2011,Total Oceania and Antarctica,1332780,1
2011,Total North-East Asia,1322850,2
2011,Total North-West Europe,1187410,3
2011,New Zealand,1166830,4
2011,Total Americas,674920,6
2011,"UK, CIs & IOM",637360,7
2011,China,540540,8
2011,United States of America,469270,9
2011,Japan,332280,10
2011,Singapore,266190,11
2011,Malaysia,228000,12
2011,"Korea, South",204480,13
2011,Total Southern and Central Asia,189710,14
2011,Germany,160410,15
2011,Total Southern and Eastern Europe,156640,16
2011,Hong Kong,154000,17
2011,India,149180,18
2011,Indonesia,136930,19
2011,Canada,130820,20
2011,France,105820,21
2011,Total North Africa and the Middle East,92830,22
2011,Total Sub-Saharan Africa,89930,23
2011,Taiwan,86270,24
2011,Thailand,75680,25
2011,Philippines,65890,26
2011,South Africa,63550,27
2011,Ireland,60670,28
2011,Italy,57910,29
2011,Netherlands,50320,30
2011,Papua New Guinea,50070,31
2011,Other Southern and Eastern Europe,49740,32
2011,Switzerland,46300,33
2011,New Caledonia,41990,34
2011,Sweden,36690,35
2011,Other Oceania and Antarctica,34630,36
2011,Vietnam,32960,37
2011,Brazil,30890,38
2011,Other North Africa and the Middle East,30030,39
2011,Fiji,29040,40
2011,United Arab Emirates,27710,41
2011,Other Sub-Saharan Africa,26380,42
2011,Spain,23910,43
2011,Denmark,23410,44
2011,Norway,19190,45
2011,Belgium,17330,46
2011,Sri Lanka,17020,47
2011,Russian Federation,15910,48
2011,Austria,15130,49
2011,Other South-East Asia,14400,50
2011,Saudi Arabia,13370,51
2011,Israel,13080,52
2011,Finland,12570,53
2011,Other Americas,10630,54
2011,Chile,10560,55
2011,Vanuatu,10220,56
2011,Poland,9170,57
2011,Pakistan,9110,58
2011,Argentina,8840,59
2011,Iran,8670,60
2011,Colombia,7240,61
2011,Bangladesh,7170,62
2011,Mexico,6670,63
2011,Other North-East Asia,5310,64
2011,Cambodia,5120,65
2011,Nepal,4540,66
2011,Other Southern and Central Asia,2730,67
2011,Other North-West Europe,2220,68
2012,Total North-East Asia,1453200,1
2012,Total Oceania and Antarctica,1360010,2
2012,New Zealand,1193120,3
2012,Total North-West Europe,1187420,4
2012,Total Americas,724990,6
2012,China,628100,7
2012,"UK, CIs & IOM",625980,8
2012,United States of America,500360,9
2012,Japan,352570,10
2012,Singapore,287310,11
2012,Malaysia,247630,12
2012,Total Southern and Central Asia,211340,13
2012,"Korea, South",205270,14
2012,Total Southern and Eastern Europe,176150,15
2012,India,164260,16
2012,Hong Kong,162890,17
2012,Germany,160740,18
2012,Indonesia,141860,19
2012,Canada,136290,20
2012,France,110880,21
2012,Taiwan,98340,22
2012,Total North Africa and the Middle East,90920,23
2012,Total Sub-Saharan Africa,83430,24
2012,Philippines,74300,25
2012,Thailand,71950,26
2012,Italy,65620,27
2012,Ireland,62550,28
2012,South Africa,57040,29
2012,Papua New Guinea,56450,30
2012,Other Southern and Eastern Europe,56210,31
2012,Switzerland,47120,32
2012,Netherlands,46810,33
2012,New Caledonia,39080,34
2012,Sweden,39070,35
2012,Vietnam,36940,36
2012,Brazil,33020,37
2012,Other Oceania and Antarctica,32330,38
2012,Fiji,29720,39
2012,Other North Africa and the Middle East,29160,40
2012,United Arab Emirates,27650,41
2012,Other Sub-Saharan Africa,26410,42
2012,Spain,25370,43
2012,Denmark,23900,44
2012,Norway,20450,45
2012,Sri Lanka,19220,46
2012,Russian Federation,19090,47
2012,Belgium,18040,48
2012,Austria,15620,49
2012,Other South-East Asia,14570,50
2012,Finland,13990,51
2012,Saudi Arabia,13650,52
2012,Chile,13630,53
2012,Argentina,13210,54
2012,Other Americas,13050,55
2012,Israel,11110,56
2012,Pakistan,10150,57
2012,Poland,9920,58
2012,Iran,9370,59
2012,Vanuatu,9300,60
2012,Colombia,8730,61
2012,Bangladesh,7730,62
2012,Mexico,6660,63
2012,Nepal,6460,64
2012,Other North-East Asia,6010,65
2012,Cambodia,5050,66
2012,Other Southern and Central Asia,3510,67
2012,Other North-West Europe,2240,68
2013,Total North-East Asia,1549660,1
2013,Total Oceania and Antarctica,1366980,2
2013,Total North-West Europe,1247860,3
2013,New Zealand,1201250,4
2013,Total Americas,750760,6
2013,China,720760,7
2013,"UK, CIs & IOM",668230,8
2013,United States of America,516250,9
2013,Singapore,333140,10
2013,Japan,330800,11
2013,Malaysia,281390,12
2013,Total Southern and Central Asia,224440,13
2013,"Korea, South",198870,14
2013,Total Southern and Eastern Europe,187360,15
2013,Hong Kong,182970,16
2013,India,176830,17
2013,Germany,170090,18
2013,Indonesia,146790,19
2013,Canada,136290,20
2013,France,114800,21
2013,Taiwan,109320,22
2013,Total North Africa and the Middle East,98860,23
2013,Total Sub-Saharan Africa,79830,24
2013,Thailand,78590,25
2013,Philippines,74550,26
2013,Italy,71670,27
2013,Ireland,63700,28
2013,Other Southern and Eastern Europe,58240,29
2013,Papua New Guinea,56600,30
2013,South Africa,54770,31
2013,Switzerland,48980,32
2013,Netherlands,45540,33
2013,Vietnam,40900,34
2013,Sweden,40670,35
2013,New Caledonia,38860,36
2013,Brazil,36430,37
2013,Other North Africa and the Middle East,33550,38
2013,United Arab Emirates,32340,39
2013,Fiji,30540,40
2013,Other Oceania and Antarctica,29800,41
2013,Spain,25870,42
2013,Other Sub-Saharan Africa,25070,43
2013,Denmark,23970,44
2013,Norway,20540,45
2013,Russian Federation,20030,46
2013,Sri Lanka,19150,47
2013,Belgium,19070,48
2013,Austria,16130,49
2013,Chile,15930,50
2013,Other South-East Asia,15530,51
2013,Argentina,14930,52
2013,Finland,13640,53
2013,Saudi Arabia,13600,54
2013,Other Americas,13020,55
2013,Israel,12310,56
2013,Poland,11580,57
2013,Pakistan,10260,58
2013,Colombia,10250,59
2013,Vanuatu,9950,60
2013,Bangladesh,8110,61
2013,Mexico,7680,62
2013,Iran,7120,63
2013,Other North-East Asia,6960,64
2013,Nepal,6500,65
2013,Cambodia,5070,66
2013,Other Southern and Central Asia,3530,67
2013,Other North-West Europe,2520,68
2014,Total North-East Asia,1717220,1
2014,Total Oceania and Antarctica,1417370,2
2014,Total North-West Europe,1269240,3
2014,New Zealand,1244800,4
2014,China,851030,6
2014,Total Americas,806970,7
2014,"UK, CIs & IOM",657190,8
2014,United States of America,561700,9
2014,Singapore,362680,10
2014,Japan,333750,11
2014,Malaysia,326730,12
2014,Total Southern and Central Asia,254580,13
2014,"Korea, South",202820,14
2014,Hong Kong,201340,15
2014,India,200100,16
2014,Total Southern and Eastern Europe,198140,17
2014,Germany,183740,18
2014,Indonesia,155000,19
2014,Canada,140110,20
2014,France,123520,21
2014,Taiwan,120120,22
2014,Total North Africa and the Middle East,104730,23
2014,Philippines,81820,24
2014,Total Sub-Saharan Africa,81390,25
2014,Thailand,76780,26
2014,Italy,74220,27
2014,Ireland,61690,28
2014,Other Southern and Eastern Europe,61000,29
2014,Papua New Guinea,53980,30
2014,South Africa,53850,31
2014,Switzerland,52040,32
2014,Vietnam,48100,33
2014,Netherlands,46740,34
2014,Brazil,44700,35
2014,New Caledonia,43050,36
2014,Sweden,42470,37
2014,United Arab Emirates,35340,38
2014,Other Oceania and Antarctica,35090,39
2014,Other North Africa and the Middle East,34610,40
2014,Fiji,31750,41
2014,Spain,29650,42
2014,Other Sub-Saharan Africa,27510,43
2014,Denmark,24580,44
2014,Norway,22010,45
2014,Belgium,21550,46
2014,Sri Lanka,21300,47
2014,Russian Federation,19710,48
2014,Austria,16870,49
2014,Chile,16780,50
2014,Other South-East Asia,16460,51
2014,Saudi Arabia,15240,52
2014,Finland,14070,53
2014,Poland,13550,54
2014,Other Americas,13180,55
2014,Israel,11740,56
2014,Argentina,11290,57
2014,Pakistan,10880,58
2014,Colombia,10760,59
2014,Bangladesh,10250,60
2014,Vanuatu,8690,61
2014,Mexico,8450,62
2014,Other North-East Asia,8140,63
2014,Nepal,8110,64
2014,Iran,7750,65
2014,Cambodia,5110,66
2014,Other Southern and Central Asia,3970,67
2014,Other North-West Europe,2810,68
2015,Total North-East Asia,1959170,1
2015,Total Oceania and Antarctica,1489000,2
2015,New Zealand,1311950,3
2015,Total North-West Europe,1299860,4
2015,China,1031900,6
2015,Total Americas,870110,7
2015,"UK, CIs & IOM",688190,8
2015,United States of America,618630,9
2015,Singapore,387150,10
2015,Japan,341990,11
2015,Malaysia,340680,12
2015,Total Southern and Central Asia,300400,13
2015,India,235790,14
2015,"Korea, South",226780,15
2015,Hong Kong,217880,16
2015,Total Southern and Eastern Europe,198220,17
2015,Germany,185280,18
2015,Indonesia,157530,19
2015,Canada,141570,20
2015,Taiwan,131230,21
2015,France,124700,22
2015,Total North Africa and the Middle East,110770,23
2015,Philippines,95240,24
2015,Total Sub-Saharan Africa,82140,25
2015,Thailand,78110,26
2015,Italy,73370,27
2015,Other Southern and Eastern Europe,60370,28
2015,Ireland,58120,29
2015,Vietnam,57330,30
2015,South Africa,55950,31
2015,Papua New Guinea,53660,32
2015,Switzerland,52990,33
2015,New Caledonia,48630,34
2015,Netherlands,46030,35
2015,Brazil,45590,36
2015,Sweden,43590,37
2015,United Arab Emirates,38830,38
2015,Spain,35070,39
2015,Other North Africa and the Middle East,34830,40
2015,Other Oceania and Antarctica,33420,41
2015,Fiji,32020,42
2015,Sri Lanka,26960,43
2015,Other Sub-Saharan Africa,26190,44
2015,Denmark,25090,45
2015,Norway,21250,46
2015,Belgium,20300,47
2015,Chile,18050,48
2015,Other South-East Asia,17420,49
2015,Austria,16880,50
2015,Poland,15420,51
2015,Saudi Arabia,14880,52
2015,Finland,14450,53
2015,Other Americas,14400,54
2015,Russian Federation,13950,55
2015,Israel,12880,56
2015,Colombia,11960,57
2015,Bangladesh,11540,58
2015,Pakistan,11460,59
2015,Argentina,11090,60
2015,Nepal,10570,61
2015,Other North-East Asia,9380,62
2015,Iran,9360,63
2015,Vanuatu,9360,64
2015,Mexico,8860,65
2015,Cambodia,6640,66
2015,Other Southern and Central Asia,4090,67
2015,Other North-West Europe,3030,68
2016,Total North-East Asia,2327160,1
2016,Total Oceania and Antarctica,1529100,2
2016,Total North-West Europe,1358060,3
2016,New Zealand,1345190,4
2016,China,1208240,6
2016,Total Americas,995470,7
2016,United States of America,716530,8
2016,"UK, CIs & IOM",715550,9
2016,Singapore,429760,10
2016,Japan,417870,11
2016,Malaysia,389960,12
2016,Total Southern and Central Asia,339020,13
2016,"Korea, South",280100,14
2016,India,262260,15
2016,Hong Kong,247680,16
2016,Total Southern and Eastern Europe,214680,17
2016,Germany,199260,18
2016,Indonesia,180600,19
2016,Taiwan,162960,20
2016,Canada,152140,21
2016,France,129100,22
2016,Total North Africa and the Middle East,118330,23
2016,Philippines,113050,24
2016,Thailand,91720,25
2016,Total Sub-Saharan Africa,83710,26
2016,Italy,76400,27
2016,Vietnam,70050,28
2016,Other Southern and Eastern Europe,66880,29
2016,Ireland,56680,30
2016,South Africa,56390,31
2016,Switzerland,54040,32
2016,Papua New Guinea,52450,33
2016,Netherlands,50640,34
2016,New Caledonia,49380,35
2016,Brazil,47240,36
2016,Sweden,44700,37
2016,United Arab Emirates,40900,38
2016,Spain,40260,39
2016,Other North Africa and the Middle East,38420,40
2016,Fiji,36680,41
2016,Other Oceania and Antarctica,35090,42
2016,Sri Lanka,30760,43
2016,Denmark,28730,44
2016,Other Sub-Saharan Africa,27330,45
2016,Chile,23060,46
2016,Norway,21440,47
2016,Belgium,20950,48
2016,Other South-East Asia,19420,49
2016,Austria,18890,50
2016,Argentina,18710,51
2016,Poland,17540,52
2016,Nepal,15070,53
2016,Finland,15050,54
2016,Other Americas,14750,55
2016,Pakistan,14420,56
2016,Colombia,13820,57
2016,Saudi Arabia,13800,58
2016,Russian Federation,13600,59
2016,Israel,13190,60
2016,Bangladesh,12130,61
2016,Iran,12020,62
2016,Vanuatu,10320,63
2016,Other North-East Asia,10280,64
2016,Cambodia,9250,65
2016,Mexico,9130,66
2016,Other Southern and Central Asia,4370,67
2016,Other North-West Europe,3060,68
2017,Total North-East Asia,2567440,1
2017,Total Oceania and Antarctica,1549900,2
2017,Total North-West Europe,1397830,3
2017,New Zealand,1359510,5
2017,China,1356910,6
2017,Total Americas,1096740,7
2017,United States of America,780570,8
2017,"UK, CIs & IOM",732890,9
2017,Japan,434550,10
2017,Singapore,432970,11
2017,Total Southern and Central Asia,398190,12
2017,Malaysia,396770,13
2017,India,302570,14
2017,"Korea, South",302210,15
2017,Hong Kong,281200,16
2017,Total Southern and Eastern Europe,220690,17
2017,Germany,208350,18
2017,Indonesia,192790,19
2017,Taiwan,179930,20
2017,Canada,167580,21
2017,France,129620,22
2017,Philippines,127300,23
2017,Total North Africa and the Middle East,125430,24
2017,Thailand,97870,25
2017,Vietnam,93860,26
2017,Total Sub-Saharan Africa,87110,27
2017,Italy,75300,28
2017,Other Southern and Eastern Europe,71440,29
2017,Ireland,57160,30
2017,Switzerland,56560,31
2017,South Africa,56040,32
2017,Brazil,55720,33
2017,Netherlands,55450,34
2017,Papua New Guinea,50530,35
2017,New Caledonia,50420,36
2017,Sweden,47340,37
2017,United Arab Emirates,45150,38
2017,Fiji,41670,39
2017,Spain,40410,40
2017,Other North Africa and the Middle East,39340,41
2017,Sri Lanka,35540,42
2017,Other Oceania and Antarctica,35070,43
2017,Other Sub-Saharan Africa,31080,44
2017,Denmark,28530,45
2017,Chile,24870,46
2017,Argentina,23550,47
2017,Norway,22200,48
2017,Belgium,21480,49
2017,Other South-East Asia,20200,50
2017,Nepal,19960,51
2017,Austria,18440,52
2017,Poland,18300,53
2017,Pakistan,17780,54
2017,Other Americas,16990,55
2017,Bangladesh,16680,56
2017,Finland,16180,57
2017,Colombia,16010,58
2017,Russian Federation,15240,59
2017,Israel,14110,60
2017,Iran,13990,61
2017,Saudi Arabia,12790,62
2017,Other North-East Asia,12690,63
2017,Vanuatu,12690,64
2017,Mexico,11420,65
2017,Cambodia,10270,66
2017,Other Southern and Central Asia,5640,67
2017,Other North-West Europe,3670,68
2018,Total North-East Asia,2716750,1
2018,Total Oceania and Antarctica,1590090,2
2018,China,1432140,4
2018,Total North-West Europe,1426600,5
2018,New Zealand,1385000,6
2018,Total Americas,1138670,7
2018,United States of America,789110,8
2018,"UK, CIs & IOM",733450,9
2018,Total Southern and Central Asia,474680,10
2018,Japan,469330,11
2018,Singapore,447980,12
2018,Malaysia,401170,13
2018,India,357700,14
2018,Hong Kong,308750,15
2018,"Korea, South",287990,16
2018,Total Southern and Eastern Europe,235780,17
2018,Indonesia,208910,18
2018,Germany,207120,19
2018,Taiwan,202820,20
2018,Canada,182100,21
2018,Philippines,143700,22
2018,France,142600,23
2018,Total North Africa and the Middle East,124420,24
2018,Vietnam,110820,25
2018,Thailand,99410,26
2018,Total Sub-Saharan Africa,93020,27
2018,Italy,77900,28
2018,Other Southern and Eastern Europe,74560,29
2018,Ireland,62340,30
2018,Netherlands,59750,31
2018,South Africa,59010,32
2018,Switzerland,57930,33
2018,Brazil,57820,34
2018,New Caledonia,53770,35
2018,Papua New Guinea,48720,36
2018,Spain,47080,37
2018,Fiji,45640,38
2018,Sweden,45600,39
2018,Other Oceania and Antarctica,42410,40
2018,Sri Lanka,42070,41
2018,United Arab Emirates,41680,42
2018,Other North Africa and the Middle East,39970,43
2018,Other Sub-Saharan Africa,34010,44
2018,Chile,30870,45
2018,Denmark,30490,46
2018,Nepal,29140,47
2018,Argentina,28980,48
2018,Norway,24280,49
2018,Belgium,23070,50
2018,Other South-East Asia,21320,51
2018,Poland,19950,52
2018,Pakistan,19650,53
2018,Colombia,19090,54
2018,Austria,19050,55
2018,Other Americas,18870,56
2018,Bangladesh,18830,57
2018,Finland,16950,58
2018,Russian Federation,16310,59
2018,Other North-East Asia,15730,60
2018,Israel,15730,61
2018,Vanuatu,14560,62
2018,Saudi Arabia,13760,63
2018,Iran,13280,64
2018,Cambodia,12340,65
2018,Mexico,11860,66
2018,Other Southern and Central Asia,7310,67
2018,Other North-West Europe,4020,68
2019,Total North-East Asia,2743500,1
2019,Total Oceania and Antarctica,1644610,2
2019,China,1438670,4
2019,New Zealand,1433770,5
2019,Total North-West Europe,1413110,6
2019,Total Americas,1173320,7
2019,United States of America,817990,8
2019,"UK, CIs & IOM",715820,9
2019,Total Southern and Central Asia,530100,10
2019,Japan,498640,11
2019,Singapore,478500,12
2019,India,399300,13
2019,Malaysia,384900,14
2019,Hong Kong,315150,15
2019,"Korea, South",280480,16
2019,Total Southern and Eastern Europe,238480,17
2019,Indonesia,221730,18
2019,Germany,207090,19
2019,Taiwan,194610,20
2019,Canada,189610,21
2019,Philippines,158550,22
2019,France,143730,23
2019,Vietnam,123460,24
2019,Total North Africa and the Middle East,119630,25
2019,Thailand,102700,26
2019,Total Sub-Saharan Africa,93160,27
2019,Other Southern and Eastern Europe,76860,28
2019,Italy,75210,29
2019,Ireland,67280,30
2019,Netherlands,64750,31
2019,South Africa,61310,32
2019,Brazil,57950,33
2019,Switzerland,54730,34
2019,New Caledonia,54570,35
2019,Papua New Guinea,49390,36
2019,Spain,47460,37
2019,Fiji,45670,38
2019,Other Oceania and Antarctica,44050,39
2019,Sri Lanka,43960,40
2019,Sweden,42610,41
2019,United Arab Emirates,40380,42
2019,Nepal,38110,43
2019,Other North Africa and the Middle East,37840,44
2019,Other Sub-Saharan Africa,31810,45
2019,Denmark,29650,46
2019,Chile,29590,47
2019,Other South-East Asia,24390,48
2019,Argentina,23830,49
2019,Belgium,23600,50
2019,Norway,23390,51
2019,Colombia,21760,52
2019,Poland,21060,53
2019,Pakistan,20910,54
2019,Bangladesh,20250,55
2019,Austria,19520,56
2019,Other Americas,19340,57
2019,Russian Federation,17910,58
2019,Vanuatu,17110,59
2019,Finland,16370,60
2019,Israel,16280,61
2019,Other North-East Asia,15930,62
2019,Cambodia,15730,63
2019,Saudi Arabia,14510,64
2019,Mexico,13280,65
2019,Iran,10610,66
2019,Other Southern and Central Asia,7590,67
2019,Other North-West Europe,4530,68
2020,Total North-East Asia,452510,1
2020,Total North-West Europe,375670,2
2020,Total Oceania and Antarctica,285970,3
2020,Total Americas,282480,4
2020,New Zealand,242440,5
2020,China,207690,7
2020,"UK, CIs & IOM",200800,8
2020,United States of America,188680,9
2020,Total Southern and Central Asia,112910,10
2020,Japan,91720,11
2020,India,83960,12
2020,Hong Kong,60930,13
2020,Total Southern and Eastern Europe,59630,14
2020,Singapore,58320,15
2020,"Korea, South",53520,16
2020,Germany,53030,17
2020,Canada,52290,18
2020,Malaysia,44790,19
2020,Taiwan,35950,20
2020,France,34710,21
2020,Indonesia,34360,22
2020,Vietnam,28470,23
2020,Philippines,26530,24
2020,Total North Africa and the Middle East,25250,25
2020,Other Southern and Eastern Europe,21890,26
2020,Total Sub-Saharan Africa,17780,27
2020,Ireland,17080,28
2020,Netherlands,15260,29
2020,Thailand,15100,30
2020,Italy,14980,31
2020,New Caledonia,14010,32
2020,Switzerland,13310,33
2020,Brazil,13060,34
2020,Sweden,11470,35
2020,Spain,11220,36
2020,South Africa,11220,37
2020,Papua New Guinea,9300,38
2020,Denmark,8770,39
2020,Fiji,8600,40
2020,Sri Lanka,8550,41
2020,Other North Africa and the Middle East,8020,42
2020,Nepal,7780,43
2020,Other Oceania and Antarctica,7750,44
2020,Chile,7730,45
2020,United Arab Emirates,7220,46
2020,Argentina,6870,47
2020,Other Sub-Saharan Africa,6580,48
2020,Poland,6430,49
2020,Pakistan,5930,50
2020,Colombia,5900,51
2020,Norway,5810,52
2020,Belgium,5750,53
2020,Russian Federation,5090,54
2020,Other South-East Asia,5060,55
2020,Other Americas,4870,56
2020,Austria,4750,57
2020,Bangladesh,4530,58
2020,Saudi Arabia,4350,59
2020,Finland,3970,60
2020,Vanuatu,3810,61
2020,Israel,3790,62
2020,Mexico,3030,63
2020,Cambodia,2860,64
2020,Other North-East Asia,2730,65
2020,Other Southern and Central Asia,2150,66
2020,Iran,1910,67
2020,Other North-West Europe,970,68
2021,Total Oceania and Antarctica,110410,1
2021,New Zealand,96760,2
2021,Total North-West Europe,35970,3
2021,Total Americas,21900,5
2021,"UK, CIs & IOM",21890,6
2021,Total Southern and Central Asia,19290,7
2021,United States of America,16760,8
2021,Singapore,15830,9
2021,Total North-East Asia,14240,10
2021,India,12960,11
2021,Total Southern and Eastern Europe,7270,12
2021,Total North Africa and the Middle East,6620,13
2021,China,6550,14
2021,Other Oceania and Antarctica,5900,15
2021,Vanuatu,4890,16
2021,Philippines,4460,17
2021,Other Southern and Eastern Europe,3510,18
2021,Canada,3280,19
2021,Germany,3120,20
2021,Hong Kong,3090,21
2021,France,2980,22
2021,Indonesia,2830,23
2021,United Arab Emirates,2790,24
2021,Malaysia,2340,25
2021,"Korea, South",2060,26
2021,Other North Africa and the Middle East,1950,27
2021,Ireland,1890,28
2021,Japan,1870,29
2021,Italy,1770,30
2021,Total Sub-Saharan Africa,1720,31
2021,Netherlands,1670,32
2021,Sri Lanka,1640,33
2021,Other Southern and Central Asia,1550,34
2021,Nepal,1400,35
2021,Thailand,1390,36
2021,Vietnam,1300,37
2021,Switzerland,1190,38
2021,Papua New Guinea,1170,39
2021,Fiji,1150,40
2021,Pakistan,1130,41
2021,Spain,1030,42
2021,Other Sub-Saharan Africa,900,43
2021,Israel,840,44
2021,South Africa,830,45
2021,Sweden,820,46
2021,Brazil,650,47
2021,Bangladesh,630,48
2021,Saudi Arabia,610,49
2021,Denmark,600,50
2021,New Caledonia,600,51
2021,Other South-East Asia,570,52
2021,Poland,500,53
2021,Norway,500,54
2021,Russian Federation,490,55
2021,Belgium,490,56
2021,Taiwan,480,57
2021,Iran,400,58
2021,Other Americas,400,59
2021,Austria,390,60
2021,Argentina,320,61
2021,Finland,240,62
2021,Other North-West Europe,220,63
2021,Other North-East Asia,200,64
2021,Colombia,170,65
2021,Chile,170,66
2021,Cambodia,150,67
2021,Mexico,130,68
2022,Total Oceania and Antarctica,804820,1
2022,Total North-West Europe,716020,2
2022,New Zealand,697630,3
2022,Total Americas,504100,5
2022,Total Southern and Central Asia,407580,6
2022,"UK, CIs & IOM",399190,7
2022,Total North-East Asia,326460,8
2022,United States of America,326030,9
2022,India,303330,10
2022,Singapore,295800,11
2022,Total Southern and Eastern Europe,115790,12
2022,Indonesia,90840,13
2022,China,89250,14
2022,Canada,88010,15
2022,Germany,85350,16
2022,Malaysia,85260,17
2022,Philippines,80290,18
2022,Japan,79390,19
2022,"Korea, South",72510,20
2022,Vietnam,69820,21
2022,Total North Africa and the Middle East,69570,22
2022,France,60520,23
2022,Total Sub-Saharan Africa,53780,24
2022,Hong Kong,53720,25
2022,Thailand,52660,26
2022,Ireland,46240,27
2022,Other Southern and Eastern Europe,42790,28
2022,Nepal,39370,29
2022,Italy,36320,30
2022,South Africa,36260,31
2022,Netherlands,31400,32
2022,Brazil,29400,33
2022,New Caledonia,28630,34
2022,Fiji,28120,35
2022,Sri Lanka,27800,36
2022,Taiwan,26160,37
2022,Spain,23770,38
2022,United Arab Emirates,23450,39
2022,Switzerland,22590,40
2022,Colombia,21830,41
2022,Other North Africa and the Middle East,21440,42
2022,Papua New Guinea,20800,43
2022,Other Oceania and Antarctica,19120,44
2022,Pakistan,18260,45
2022,Other Sub-Saharan Africa,17510,46
2022,Sweden,17350,47
2022,Denmark,14820,48
2022,Bangladesh,14170,49
2022,Other South-East Asia,12930,50
2022,Argentina,12010,51
2022,Chile,11060,52
2022,Norway,10970,53
2022,Belgium,10650,54
2022,Vanuatu,10490,55
2022,Other Americas,10040,56
2022,Israel,9720,57
2022,Iran,8890,58
2022,Cambodia,8720,59
2022,Austria,8580,60
2022,Poland,7810,61
2022,Finland,6120,62
2022,Saudi Arabia,6050,63
2022,Mexico,5740,64
2022,Other North-East Asia,5440,65
2022,Russian Federation,5070,66
2022,Other Southern and Central Asia,4630,67
2022,Other North-West Europe,2190,68
2023,Total Oceania and Antarctica,1473220,1
2023,Total North-East Asia,1445440,2
2023,New Zealand,1272140,3
2023,Total North-West Europe,1156650,5
2023,Total Americas,984820,6
2023,United States of America,659740,7
2023,"UK, CIs & IOM",596880,8
2023,Total Southern and Central Asia,546180,9
2023,China,535790,10
2023,India,395560,11
2023,Singapore,364010,12
2023,Japan,297720,13
2023,"Korea, South",288010,14
2023,Indonesia,201500,15
2023,Total Southern and Eastern Europe,196410,16
2023,Hong Kong,183700,17
2023,Malaysia,175550,18
2023,Vietnam,166630,19
2023,Philippines,157570,20
2023,Canada,157190,21
2023,Germany,151870,22
2023,Taiwan,122790,23
2023,France,114160,24
2023,Total North Africa and the Middle East,109020,25
2023,Thailand,96710,26
2023,Ireland,79190,27
2023,Total Sub-Saharan Africa,76550,28
2023,Other Southern and Eastern Europe,66410,29
2023,Italy,62300,30
2023,Fiji,55040,31
2023,Nepal,54800,32
2023,Netherlands,51920,33
2023,Brazil,48350,34
2023,South Africa,46110,35
2023,New Caledonia,43870,36
2023,Other Oceania and Antarctica,43460,37
2023,Switzerland,42600,38
2023,Spain,42160,39
2023,Sri Lanka,41240,40
2023,Papua New Guinea,39940,41
2023,Colombia,39570,42
2023,United Arab Emirates,37090,43
2023,Other North Africa and the Middle East,37080,44
2023,Other Sub-Saharan Africa,30460,45
2023,Sweden,28110,46
2023,Denmark,26000,47
2023,Pakistan,25660,48
2023,Chile,23840,49
2023,Argentina,22920,50
2023,Other Americas,20960,51
2023,Bangladesh,20630,52
2023,Vanuatu,18780,53
2023,Other South-East Asia,18640,54
2023,Cambodia,18550,55
2023,Norway,17990,56
2023,Other North-East Asia,17450,57
2023,Belgium,17190,58
2023,Austria,16150,59
2023,Poland,14890,60
2023,Israel,13930,61
2023,Mexico,12250,62
2023,Iran,11480,63
2023,Finland,11140,64
2023,Russian Federation,10630,65
2023,Saudi Arabia,9430,66
2023,Other Southern and Central Asia,8280,67
2023,Other North-West Europe,3430,68
2024,Total North-East Asia,1204350,1
2024,Total Oceania and Antarctica,884480,2
2024,New Zealand,773680,3
2024,Total North-West Europe,665170,5
2024,Total Americas,602480,6
2024,China,551840,7
2024,United States of America,417620,8
2024,"UK, CIs & IOM",342140,9
2024,Total Southern and Central Asia,339290,10
2024,India,250950,11
2024,Singapore,224850,12
2024,"Korea, South",211140,13
2024,Japan,204060,14
2024,Indonesia,133740,15
2024,Hong Kong,125950,16
2024,Malaysia,113690,17
2024,Total Southern and Eastern Europe,106720,18
2024,Vietnam,106010,19
2024,Taiwan,102650,20
2024,Philippines,100860,21
2024,Canada,94280,22
2024,Germany,88760,23
2024,France,69610,24
2024,Total North Africa and the Middle East,61360,25
2024,Thailand,58490,26
2024,Ireland,46550,27
2024,Total Sub-Saharan Africa,38770,28
2024,Other Southern and Eastern Europe,34770,29
2024,Italy,33150,30
2024,Nepal,30170,31
2024,Fiji,28430,32
2024,Netherlands,27780,33
2024,Other Oceania and Antarctica,27060,34
2024,Sri Lanka,26440,35
2024,Brazil,26110,36
2024,Papua New Guinea,24620,37
2024,Spain,24040,38
2024,South Africa,23220,39
2024,Switzerland,23130,40
2024,United Arab Emirates,22830,41
2024,New Caledonia,20670,42
2024,Other North Africa and the Middle East,19960,43
2024,Other Sub-Saharan Africa,15540,44
2024,Colombia,15280,45
2024,Denmark,15230,46
2024,Chile,15230,47
2024,Argentina,14270,48
2024,Sweden,14110,49
2024,Pakistan,14050,50
2024,Bangladesh,13140,51
2024,Cambodia,11790,52
2024,Other Americas,11450,53
2024,Other South-East Asia,11320,54
2024,Norway,11240,55
2024,Vanuatu,10020,56
2024,Belgium,9580,57
2024,Poland,9370,58
2024,Austria,9170,59
2024,Other North-East Asia,8710,60
2024,Mexico,8240,61
2024,Israel,7200,62
2024,Saudi Arabia,6490,63
2024,Finland,6010,64
2024,Russian Federation,5420,65
2024,Iran,4890,66
2024,Other Southern and Central Asia,4550,67
2024,Other North-West Europe,1890,68
