State,Year,Number of Arrivals
Australian Capital Territory,1/1/1991,1990
New South Wales,1/1/1991,75630
Northern Territory,1/1/1991,1220
Queensland,1/1/1991,42710
South Australia,1/1/1991,4930
Tasmania,1/1/1991,1410
Victoria,1/1/1991,28840
Western Australia,1/1/1991,13790
Australian Capital Territory,1/2/1991,3740
New South Wales,1/2/1991,78340
Northern Territory,1/2/1991,1460
Queensland,1/2/1991,42340
South Australia,1/2/1991,5780
Tasmania,1/2/1991,1800
Victoria,1/2/1991,33830
Western Australia,1/2/1991,17410
Australian Capital Territory,1/3/1991,2270
New South Wales,1/3/1991,80520
Northern Territory,1/3/1991,710
Queensland,1/3/1991,45860
South Australia,1/3/1991,6240
Tasmania,1/3/1991,1350
Victoria,1/3/1991,32020
Western Australia,1/3/1991,15450
Australian Capital Territory,1/4/1991,1800
New South Wales,1/4/1991,68330
Northern Territory,1/4/1991,1860
Queensland,1/4/1991,42900
South Australia,1/4/1991,4950
Tasmania,1/4/1991,710
Victoria,1/4/1991,25810
Western Australia,1/4/1991,17160
Australian Capital Territory,1/5/1991,1230
New South Wales,1/5/1991,65380
Northern Territory,1/5/1991,2360
Queensland,1/5/1991,43100
South Australia,1/5/1991,3610
Tasmania,1/5/1991,890
Victoria,1/5/1991,24750
Western Australia,1/5/1991,15280
Australian Capital Territory,1/6/1991,1360
New South Wales,1/6/1991,64100
Northern Territory,1/6/1991,2060
Queensland,1/6/1991,58800
South Australia,1/6/1991,2900
Tasmania,1/6/1991,980
Victoria,1/6/1991,22550
Western Australia,1/6/1991,12930
Australian Capital Territory,1/7/1991,1960
New South Wales,1/7/1991,86770
Northern Territory,1/7/1991,2630
Queensland,1/7/1991,61970
South Australia,1/7/1991,3920
Tasmania,1/7/1991,890
Victoria,1/7/1991,30170
Western Australia,1/7/1991,12380
Australian Capital Territory,1/8/1991,1560
New South Wales,1/8/1991,87560
Northern Territory,1/8/1991,2630
Queensland,1/8/1991,55210
South Australia,1/8/1991,3240
Tasmania,1/8/1991,890
Victoria,1/8/1991,28220
Western Australia,1/8/1991,13260
Australian Capital Territory,1/9/1991,2330
New South Wales,1/9/1991,86500
Northern Territory,1/9/1991,1760
Queensland,1/9/1991,50130
South Australia,1/9/1991,3830
Tasmania,1/9/1991,780
Victoria,1/9/1991,27990
Western Australia,1/9/1991,16010
Australian Capital Territory,1/10/1991,2310
New South Wales,1/10/1991,90610
Northern Territory,1/10/1991,1700
Queensland,1/10/1991,56010
South Australia,1/10/1991,6420
Tasmania,1/10/1991,920
Victoria,1/10/1991,32860
Western Australia,1/10/1991,15900
Australian Capital Territory,1/11/1991,2390
New South Wales,1/11/1991,93940
Northern Territory,1/11/1991,1690
Queensland,1/11/1991,54920
South Australia,1/11/1991,5680
Tasmania,1/11/1991,950
Victoria,1/11/1991,36350
Western Australia,1/11/1991,18140
Australian Capital Territory,1/12/1991,2970
New South Wales,1/12/1991,110600
Northern Territory,1/12/1991,2040
Queensland,1/12/1991,62200
South Australia,1/12/1991,7560
Tasmania,1/12/1991,1930
Victoria,1/12/1991,43180
Western Australia,1/12/1991,25600
Australian Capital Territory,1/1/1992,1610
New South Wales,1/1/1992,86250
Northern Territory,1/1/1992,700
Queensland,1/1/1992,50890
South Australia,1/1/1992,4180
Tasmania,1/1/1992,2040
Victoria,1/1/1992,28990
Western Australia,1/1/1992,14570
Australian Capital Territory,1/2/1992,1720
New South Wales,1/2/1992,105340
Northern Territory,1/2/1992,1430
Queensland,1/2/1992,54510
South Australia,1/2/1992,5710
Tasmania,1/2/1992,1860
Victoria,1/2/1992,40880
Western Australia,1/2/1992,19340
Australian Capital Territory,1/3/1992,1660
New South Wales,1/3/1992,101310
Northern Territory,1/3/1992,1310
Queensland,1/3/1992,49420
South Australia,1/3/1992,5290
Tasmania,1/3/1992,1470
Victoria,1/3/1992,31960
Western Australia,1/3/1992,16820
Australian Capital Territory,1/4/1992,1530
New South Wales,1/4/1992,93600
Northern Territory,1/4/1992,1460
Queensland,1/4/1992,49590
South Australia,1/4/1992,4670
Tasmania,1/4/1992,1180
Victoria,1/4/1992,28990
Western Australia,1/4/1992,16830
Australian Capital Territory,1/5/1992,1340
New South Wales,1/5/1992,74960
Northern Territory,1/5/1992,2070
Queensland,1/5/1992,53270
South Australia,1/5/1992,2720
Tasmania,1/5/1992,950
Victoria,1/5/1992,23590
Western Australia,1/5/1992,11180
Australian Capital Territory,1/6/1992,1260
New South Wales,1/6/1992,71860
Northern Territory,1/6/1992,1660
Queensland,1/6/1992,57170
South Australia,1/6/1992,3310
Tasmania,1/6/1992,700
Victoria,1/6/1992,21900
Western Australia,1/6/1992,14370
Australian Capital Territory,1/7/1992,1950
New South Wales,1/7/1992,90140
Northern Territory,1/7/1992,2330
Queensland,1/7/1992,68680
South Australia,1/7/1992,4700
Tasmania,1/7/1992,800
Victoria,1/7/1992,26950
Western Australia,1/7/1992,15710
Australian Capital Territory,1/8/1992,1240
New South Wales,1/8/1992,88000
Northern Territory,1/8/1992,2580
Queensland,1/8/1992,58830
South Australia,1/8/1992,3110
Tasmania,1/8/1992,710
Victoria,1/8/1992,22670
Western Australia,1/8/1992,14680
Australian Capital Territory,1/9/1992,1930
New South Wales,1/9/1992,81490
Northern Territory,1/9/1992,2000
Queensland,1/9/1992,53420
South Australia,1/9/1992,3900
Tasmania,1/9/1992,510
Victoria,1/9/1992,22850
Western Australia,1/9/1992,16890
Australian Capital Territory,1/10/1992,1590
New South Wales,1/10/1992,95300
Northern Territory,1/10/1992,2420
Queensland,1/10/1992,63410
South Australia,1/10/1992,4950
Tasmania,1/10/1992,920
Victoria,1/10/1992,32340
Western Australia,1/10/1992,18780
Australian Capital Territory,1/11/1992,1980
New South Wales,1/11/1992,113730
Northern Territory,1/11/1992,1250
Queensland,1/11/1992,66630
South Australia,1/11/1992,6020
Tasmania,1/11/1992,1390
Victoria,1/11/1992,37890
Western Australia,1/11/1992,21790
Australian Capital Territory,1/12/1992,2340
New South Wales,1/12/1992,130290
Northern Territory,1/12/1992,1830
Queensland,1/12/1992,78940
South Australia,1/12/1992,8290
Tasmania,1/12/1992,3000
Victoria,1/12/1992,42850
Western Australia,1/12/1992,31030
Australian Capital Territory,1/1/1993,1620
New South Wales,1/1/1993,107530
Northern Territory,1/1/1993,1320
Queensland,1/1/1993,67410
South Australia,1/1/1993,4990
Tasmania,1/1/1993,1810
Victoria,1/1/1993,32820
Western Australia,1/1/1993,19130
Australian Capital Territory,1/2/1993,2190
New South Wales,1/2/1993,111900
Northern Territory,1/2/1993,1340
Queensland,1/2/1993,57540
South Australia,1/2/1993,5810
Tasmania,1/2/1993,2340
Victoria,1/2/1993,38710
Western Australia,1/2/1993,20000
Australian Capital Territory,1/3/1993,2080
New South Wales,1/3/1993,115310
Northern Territory,1/3/1993,960
Queensland,1/3/1993,66710
South Australia,1/3/1993,7220
Tasmania,1/3/1993,2710
Victoria,1/3/1993,37210
Western Australia,1/3/1993,20380
Australian Capital Territory,1/4/1993,1490
New South Wales,1/4/1993,100640
Northern Territory,1/4/1993,1870
Queensland,1/4/1993,64560
South Australia,1/4/1993,5050
Tasmania,1/4/1993,1040
Victoria,1/4/1993,29330
Western Australia,1/4/1993,19550
Australian Capital Territory,1/5/1993,1100
New South Wales,1/5/1993,89410
Northern Territory,1/5/1993,2150
Queensland,1/5/1993,66460
South Australia,1/5/1993,3390
Tasmania,1/5/1993,900
Victoria,1/5/1993,32820
Western Australia,1/5/1993,16710
Australian Capital Territory,1/6/1993,1170
New South Wales,1/6/1993,85650
Northern Territory,1/6/1993,1730
Queensland,1/6/1993,69530
South Australia,1/6/1993,3170
Tasmania,1/6/1993,610
Victoria,1/6/1993,22460
Western Australia,1/6/1993,19370
Australian Capital Territory,1/7/1993,2590
New South Wales,1/7/1993,112540
Northern Territory,1/7/1993,3670
Queensland,1/7/1993,71200
South Australia,1/7/1993,5070
Tasmania,1/7/1993,910
Victoria,1/7/1993,29150
Western Australia,1/7/1993,18680
Australian Capital Territory,1/8/1993,1280
New South Wales,1/8/1993,103620
Northern Territory,1/8/1993,3840
Queensland,1/8/1993,79080
South Australia,1/8/1993,3920
Tasmania,1/8/1993,790
Victoria,1/8/1993,25440
Western Australia,1/8/1993,19780
Australian Capital Territory,1/9/1993,2600
New South Wales,1/9/1993,99600
Northern Territory,1/9/1993,2950
Queensland,1/9/1993,65700
South Australia,1/9/1993,5940
Tasmania,1/9/1993,850
Victoria,1/9/1993,24720
Western Australia,1/9/1993,20390
Australian Capital Territory,1/10/1993,2180
New South Wales,1/10/1993,125690
Northern Territory,1/10/1993,3200
Queensland,1/10/1993,73480
South Australia,1/10/1993,5550
Tasmania,1/10/1993,1420
Victoria,1/10/1993,31310
Western Australia,1/10/1993,21290
Australian Capital Territory,1/11/1993,2190
New South Wales,1/11/1993,116820
Northern Territory,1/11/1993,2660
Queensland,1/11/1993,82340
South Australia,1/11/1993,7770
Tasmania,1/11/1993,1950
Victoria,1/11/1993,42390
Western Australia,1/11/1993,29800
Australian Capital Territory,1/12/1993,3160
New South Wales,1/12/1993,142900
Northern Territory,1/12/1993,1940
Queensland,1/12/1993,93050
South Australia,1/12/1993,9190
Tasmania,1/12/1993,3600
Victoria,1/12/1993,51670
Western Australia,1/12/1993,38530
Australian Capital Territory,1/1/1994,1460
New South Wales,1/1/1994,114520
Northern Territory,1/1/1994,1640
Queensland,1/1/1994,65050
South Australia,1/1/1994,5770
Tasmania,1/1/1994,2190
Victoria,1/1/1994,38270
Western Australia,1/1/1994,21620
Australian Capital Territory,1/2/1994,2320
New South Wales,1/2/1994,134630
Northern Territory,1/2/1994,2270
Queensland,1/2/1994,82990
South Australia,1/2/1994,7360
Tasmania,1/2/1994,2340
Victoria,1/2/1994,43170
Western Australia,1/2/1994,29210
Australian Capital Territory,1/3/1994,1780
New South Wales,1/3/1994,138580
Northern Territory,1/3/1994,2510
Queensland,1/3/1994,78410
South Australia,1/3/1994,6840
Tasmania,1/3/1994,1250
Victoria,1/3/1994,45380
Western Australia,1/3/1994,32650
Australian Capital Territory,1/4/1994,2490
New South Wales,1/4/1994,118480
Northern Territory,1/4/1994,2740
Queensland,1/4/1994,68170
South Australia,1/4/1994,5870
Tasmania,1/4/1994,1150
Victoria,1/4/1994,32280
Western Australia,1/4/1994,23950
Australian Capital Territory,1/5/1994,1440
New South Wales,1/5/1994,91620
Northern Territory,1/5/1994,2470
Queensland,1/5/1994,69520
South Australia,1/5/1994,3460
Tasmania,1/5/1994,1090
Victoria,1/5/1994,25320
Western Australia,1/5/1994,20030
Australian Capital Territory,1/6/1994,1700
New South Wales,1/6/1994,97760
Northern Territory,1/6/1994,3490
Queensland,1/6/1994,75650
South Australia,1/6/1994,3400
Tasmania,1/6/1994,740
Victoria,1/6/1994,26390
Western Australia,1/6/1994,21800
Australian Capital Territory,1/7/1994,2580
New South Wales,1/7/1994,126810
Northern Territory,1/7/1994,6160
Queensland,1/7/1994,80290
South Australia,1/7/1994,5970
Tasmania,1/7/1994,870
Victoria,1/7/1994,34140
Western Australia,1/7/1994,25690
Australian Capital Territory,1/8/1994,1870
New South Wales,1/8/1994,119140
Northern Territory,1/8/1994,4630
Queensland,1/8/1994,83670
South Australia,1/8/1994,3760
Tasmania,1/8/1994,670
Victoria,1/8/1994,27640
Western Australia,1/8/1994,24060
Australian Capital Territory,1/9/1994,2090
New South Wales,1/9/1994,109200
Northern Territory,1/9/1994,3950
Queensland,1/9/1994,81480
South Australia,1/9/1994,4730
Tasmania,1/9/1994,760
Victoria,1/9/1994,27800
Western Australia,1/9/1994,23950
Australian Capital Territory,1/10/1994,2150
New South Wales,1/10/1994,127760
Northern Territory,1/10/1994,5510
Queensland,1/10/1994,88050
South Australia,1/10/1994,6480
Tasmania,1/10/1994,1160
Victoria,1/10/1994,40960
Western Australia,1/10/1994,29520
Australian Capital Territory,1/11/1994,2110
New South Wales,1/11/1994,131050
Northern Territory,1/11/1994,3570
Queensland,1/11/1994,89540
South Australia,1/11/1994,8430
Tasmania,1/11/1994,1970
Victoria,1/11/1994,41440
Western Australia,1/11/1994,32880
Australian Capital Territory,1/12/1994,3020
New South Wales,1/12/1994,158500
Northern Territory,1/12/1994,3310
Queensland,1/12/1994,107820
South Australia,1/12/1994,7840
Tasmania,1/12/1994,3800
Victoria,1/12/1994,55940
Western Australia,1/12/1994,43800
Australian Capital Territory,1/1/1995,2800
New South Wales,1/1/1995,133300
Northern Territory,1/1/1995,2330
Queensland,1/1/1995,87520
South Australia,1/1/1995,6750
Tasmania,1/1/1995,2620
Victoria,1/1/1995,41240
Western Australia,1/1/1995,27210
Australian Capital Territory,1/2/1995,3380
New South Wales,1/2/1995,142740
Northern Territory,1/2/1995,2360
Queensland,1/2/1995,80650
South Australia,1/2/1995,6550
Tasmania,1/2/1995,2260
Victoria,1/2/1995,52460
Western Australia,1/2/1995,28120
Australian Capital Territory,1/3/1995,2160
New South Wales,1/3/1995,137900
Northern Territory,1/3/1995,2720
Queensland,1/3/1995,86180
South Australia,1/3/1995,7640
Tasmania,1/3/1995,1860
Victoria,1/3/1995,43940
Western Australia,1/3/1995,30270
Australian Capital Territory,1/4/1995,2440
New South Wales,1/4/1995,125210
Northern Territory,1/4/1995,3280
Queensland,1/4/1995,84590
South Australia,1/4/1995,6610
Tasmania,1/4/1995,1880
Victoria,1/4/1995,41690
Western Australia,1/4/1995,27780
Australian Capital Territory,1/5/1995,1530
New South Wales,1/5/1995,102460
Northern Territory,1/5/1995,4240
Queensland,1/5/1995,82140
South Australia,1/5/1995,3260
Tasmania,1/5/1995,1010
Victoria,1/5/1995,27730
Western Australia,1/5/1995,21640
Australian Capital Territory,1/6/1995,1720
New South Wales,1/6/1995,108050
Northern Territory,1/6/1995,3700
Queensland,1/6/1995,89720
South Australia,1/6/1995,4010
Tasmania,1/6/1995,880
Victoria,1/6/1995,27780
Western Australia,1/6/1995,24790
Australian Capital Territory,1/7/1995,2560
New South Wales,1/7/1995,149380
Northern Territory,1/7/1995,5180
Queensland,1/7/1995,102340
South Australia,1/7/1995,5410
Tasmania,1/7/1995,1080
Victoria,1/7/1995,38500
Western Australia,1/7/1995,24480
Australian Capital Territory,1/8/1995,1990
New South Wales,1/8/1995,128760
Northern Territory,1/8/1995,5090
Queensland,1/8/1995,106800
South Australia,1/8/1995,5000
Tasmania,1/8/1995,890
Victoria,1/8/1995,30790
Western Australia,1/8/1995,24840
Australian Capital Territory,1/9/1995,2140
New South Wales,1/9/1995,118590
Northern Territory,1/9/1995,4050
Queensland,1/9/1995,81090
South Australia,1/9/1995,5090
Tasmania,1/9/1995,1150
Victoria,1/9/1995,31010
Western Australia,1/9/1995,24630
Australian Capital Territory,1/10/1995,2090
New South Wales,1/10/1995,143850
Northern Territory,1/10/1995,5440
Queensland,1/10/1995,91430
South Australia,1/10/1995,6640
Tasmania,1/10/1995,1440
Victoria,1/10/1995,38990
Western Australia,1/10/1995,30330
Australian Capital Territory,1/11/1995,2610
New South Wales,1/11/1995,145610
Northern Territory,1/11/1995,3920
Queensland,1/11/1995,97970
South Australia,1/11/1995,8750
Tasmania,1/11/1995,2220
Victoria,1/11/1995,47360
Western Australia,1/11/1995,33660
Australian Capital Territory,1/12/1995,3030
New South Wales,1/12/1995,176570
Northern Territory,1/12/1995,2860
Queensland,1/12/1995,120020
South Australia,1/12/1995,8570
Tasmania,1/12/1995,4590
Victoria,1/12/1995,58720
Western Australia,1/12/1995,46800
Australian Capital Territory,1/1/1996,2200
New South Wales,1/1/1996,141870
Northern Territory,1/1/1996,2850
Queensland,1/1/1996,92130
South Australia,1/1/1996,6440
Tasmania,1/1/1996,1830
Victoria,1/1/1996,45160
Western Australia,1/1/1996,24250
Australian Capital Territory,1/2/1996,3210
New South Wales,1/2/1996,171700
Northern Territory,1/2/1996,2470
Queensland,1/2/1996,108830
South Australia,1/2/1996,7980
Tasmania,1/2/1996,2690
Victoria,1/2/1996,55570
Western Australia,1/2/1996,39640
Australian Capital Territory,1/3/1996,2910
New South Wales,1/3/1996,161280
Northern Territory,1/3/1996,2660
Queensland,1/3/1996,105400
South Australia,1/3/1996,7970
Tasmania,1/3/1996,2120
Victoria,1/3/1996,51670
Western Australia,1/3/1996,31010
Australian Capital Territory,1/4/1996,2660
New South Wales,1/4/1996,149170
Northern Territory,1/4/1996,2440
Queensland,1/4/1996,95560
South Australia,1/4/1996,6630
Tasmania,1/4/1996,1420
Victoria,1/4/1996,42580
Western Australia,1/4/1996,32270
Australian Capital Territory,1/5/1996,1730
New South Wales,1/5/1996,108580
Northern Territory,1/5/1996,3530
Queensland,1/5/1996,84920
South Australia,1/5/1996,5500
Tasmania,1/5/1996,880
Victoria,1/5/1996,33260
Western Australia,1/5/1996,22550
Australian Capital Territory,1/6/1996,1910
New South Wales,1/6/1996,124570
Northern Territory,1/6/1996,4540
Queensland,1/6/1996,106150
South Australia,1/6/1996,4520
Tasmania,1/6/1996,860
Victoria,1/6/1996,37570
Western Australia,1/6/1996,26720
Australian Capital Territory,1/7/1996,2980
New South Wales,1/7/1996,145140
Northern Territory,1/7/1996,6090
Queensland,1/7/1996,123080
South Australia,1/7/1996,6540
Tasmania,1/7/1996,890
Victoria,1/7/1996,44630
Western Australia,1/7/1996,28780
Australian Capital Territory,1/8/1996,1820
New South Wales,1/8/1996,138650
Northern Territory,1/8/1996,4140
Queensland,1/8/1996,114960
South Australia,1/8/1996,5240
Tasmania,1/8/1996,890
Victoria,1/8/1996,34250
Western Australia,1/8/1996,28950
Australian Capital Territory,1/9/1996,2810
New South Wales,1/9/1996,126370
Northern Territory,1/9/1996,4360
Queensland,1/9/1996,105140
South Australia,1/9/1996,5480
Tasmania,1/9/1996,910
Victoria,1/9/1996,36340
Western Australia,1/9/1996,27540
Australian Capital Territory,1/10/1996,2760
New South Wales,1/10/1996,150010
Northern Territory,1/10/1996,5590
Queensland,1/10/1996,101760
South Australia,1/10/1996,8750
Tasmania,1/10/1996,1390
Victoria,1/10/1996,45360
Western Australia,1/10/1996,34460
Australian Capital Territory,1/11/1996,2360
New South Wales,1/11/1996,162720
Northern Territory,1/11/1996,4430
Queensland,1/11/1996,105530
South Australia,1/11/1996,7950
Tasmania,1/11/1996,2100
Victoria,1/11/1996,52770
Western Australia,1/11/1996,37270
Australian Capital Territory,1/12/1996,2780
New South Wales,1/12/1996,195580
Northern Territory,1/12/1996,3480
Queensland,1/12/1996,136260
South Australia,1/12/1996,10410
Tasmania,1/12/1996,2520
Victoria,1/12/1996,63930
Western Australia,1/12/1996,49430
Australian Capital Territory,1/1/1997,2220
New South Wales,1/1/1997,149990
Northern Territory,1/1/1997,2460
Queensland,1/1/1997,97650
South Australia,1/1/1997,7880
Tasmania,1/1/1997,2820
Victoria,1/1/1997,50180
Western Australia,1/1/1997,29630
Australian Capital Territory,1/2/1997,3620
New South Wales,1/2/1997,165760
Northern Territory,1/2/1997,5050
Queensland,1/2/1997,114790
South Australia,1/2/1997,8750
Tasmania,1/2/1997,3770
Victoria,1/2/1997,66070
Western Australia,1/2/1997,39350
Australian Capital Territory,1/3/1997,2990
New South Wales,1/3/1997,166680
Northern Territory,1/3/1997,3920
Queensland,1/3/1997,113940
South Australia,1/3/1997,8730
Tasmania,1/3/1997,2280
Victoria,1/3/1997,55990
Western Australia,1/3/1997,35670
Australian Capital Territory,1/4/1997,2420
New South Wales,1/4/1997,133760
Northern Territory,1/4/1997,2830
Queensland,1/4/1997,100650
South Australia,1/4/1997,6170
Tasmania,1/4/1997,1600
Victoria,1/4/1997,45230
Western Australia,1/4/1997,33000
Australian Capital Territory,1/5/1997,1680
New South Wales,1/5/1997,123190
Northern Territory,1/5/1997,4390
Queensland,1/5/1997,94510
South Australia,1/5/1997,4590
Tasmania,1/5/1997,770
Victoria,1/5/1997,34860
Western Australia,1/5/1997,25000
Australian Capital Territory,1/6/1997,1620
New South Wales,1/6/1997,125130
Northern Territory,1/6/1997,3980
Queensland,1/6/1997,104980
South Australia,1/6/1997,4270
Tasmania,1/6/1997,870
Victoria,1/6/1997,38440
Western Australia,1/6/1997,28530
Australian Capital Territory,1/7/1997,3020
New South Wales,1/7/1997,153290
Northern Territory,1/7/1997,5590
Queensland,1/7/1997,130500
South Australia,1/7/1997,7000
Tasmania,1/7/1997,1740
Victoria,1/7/1997,64890
Western Australia,1/7/1997,30820
Australian Capital Territory,1/8/1997,2830
New South Wales,1/8/1997,130430
Northern Territory,1/8/1997,5030
Queensland,1/8/1997,117370
South Australia,1/8/1997,7470
Tasmania,1/8/1997,1230
Victoria,1/8/1997,38770
Western Australia,1/8/1997,26780
Australian Capital Territory,1/9/1997,2150
New South Wales,1/9/1997,134300
Northern Territory,1/9/1997,5250
Queensland,1/9/1997,109140
South Australia,1/9/1997,6060
Tasmania,1/9/1997,870
Victoria,1/9/1997,41430
Western Australia,1/9/1997,31640
Australian Capital Territory,1/10/1997,2730
New South Wales,1/10/1997,149050
Northern Territory,1/10/1997,5290
Queensland,1/10/1997,112060
South Australia,1/10/1997,8630
Tasmania,1/10/1997,1700
Victoria,1/10/1997,49080
Western Australia,1/10/1997,37810
Australian Capital Territory,1/11/1997,2530
New South Wales,1/11/1997,156030
Northern Territory,1/11/1997,5140
Queensland,1/11/1997,112660
South Australia,1/11/1997,9140
Tasmania,1/11/1997,2090
Victoria,1/11/1997,53540
Western Australia,1/11/1997,37840
Australian Capital Territory,1/12/1997,3490
New South Wales,1/12/1997,182330
Northern Territory,1/12/1997,3750
Queensland,1/12/1997,123150
South Australia,1/12/1997,12970
Tasmania,1/12/1997,4440
Victoria,1/12/1997,68380
Western Australia,1/12/1997,49370
Australian Capital Territory,1/1/1998,2810
New South Wales,1/1/1998,144010
Northern Territory,1/1/1998,3200
Queensland,1/1/1998,99540
South Australia,1/1/1998,7580
Tasmania,1/1/1998,3070
Victoria,1/1/1998,51310
Western Australia,1/1/1998,34480
Australian Capital Territory,1/2/1998,3150
New South Wales,1/2/1998,152600
Northern Territory,1/2/1998,3240
Queensland,1/2/1998,87660
South Australia,1/2/1998,9560
Tasmania,1/2/1998,4790
Victoria,1/2/1998,59930
Western Australia,1/2/1998,32550
Australian Capital Territory,1/3/1998,3080
New South Wales,1/3/1998,142460
Northern Territory,1/3/1998,2590
Queensland,1/3/1998,90620
South Australia,1/3/1998,8060
Tasmania,1/3/1998,2430
Victoria,1/3/1998,55750
Western Australia,1/3/1998,33270
Australian Capital Territory,1/4/1998,2810
New South Wales,1/4/1998,145130
Northern Territory,1/4/1998,2620
Queensland,1/4/1998,100920
South Australia,1/4/1998,7680
Tasmania,1/4/1998,1080
Victoria,1/4/1998,48300
Western Australia,1/4/1998,32150
Australian Capital Territory,1/5/1998,1590
New South Wales,1/5/1998,114700
Northern Territory,1/5/1998,3520
Queensland,1/5/1998,90830
South Australia,1/5/1998,4930
Tasmania,1/5/1998,960
Victoria,1/5/1998,38420
Western Australia,1/5/1998,28270
Australian Capital Territory,1/6/1998,2020
New South Wales,1/6/1998,117010
Northern Territory,1/6/1998,3630
Queensland,1/6/1998,108740
South Australia,1/6/1998,3650
Tasmania,1/6/1998,1000
Victoria,1/6/1998,40240
Western Australia,1/6/1998,27400
Australian Capital Territory,1/7/1998,2360
New South Wales,1/7/1998,152430
Northern Territory,1/7/1998,6020
Queensland,1/7/1998,117250
South Australia,1/7/1998,5430
Tasmania,1/7/1998,550
Victoria,1/7/1998,56030
Western Australia,1/7/1998,31070
Australian Capital Territory,1/8/1998,1630
New South Wales,1/8/1998,134250
Northern Territory,1/8/1998,5110
Queensland,1/8/1998,109970
South Australia,1/8/1998,6130
Tasmania,1/8/1998,990
Victoria,1/8/1998,37190
Western Australia,1/8/1998,27450
Australian Capital Territory,1/9/1998,2530
New South Wales,1/9/1998,130130
Northern Territory,1/9/1998,5580
Queensland,1/9/1998,100840
South Australia,1/9/1998,5640
Tasmania,1/9/1998,900
Victoria,1/9/1998,48670
Western Australia,1/9/1998,28810
Australian Capital Territory,1/10/1998,1670
New South Wales,1/10/1998,142370
Northern Territory,1/10/1998,5610
Queensland,1/10/1998,103140
South Australia,1/10/1998,6980
Tasmania,1/10/1998,1840
Victoria,1/10/1998,56360
Western Australia,1/10/1998,35710
Australian Capital Territory,1/11/1998,2420
New South Wales,1/11/1998,150000
Northern Territory,1/11/1998,3780
Queensland,1/11/1998,101040
South Australia,1/11/1998,9310
Tasmania,1/11/1998,1930
Victoria,1/11/1998,59560
Western Australia,1/11/1998,38800
Australian Capital Territory,1/12/1998,3230
New South Wales,1/12/1998,185430
Northern Territory,1/12/1998,4380
Queensland,1/12/1998,122590
South Australia,1/12/1998,13180
Tasmania,1/12/1998,3880
Victoria,1/12/1998,76160
Western Australia,1/12/1998,47400
Australian Capital Territory,1/1/1999,2170
New South Wales,1/1/1999,143420
Northern Territory,1/1/1999,3400
Queensland,1/1/1999,99240
South Australia,1/1/1999,8660
Tasmania,1/1/1999,2840
Victoria,1/1/1999,56450
Western Australia,1/1/1999,33950
Australian Capital Territory,1/2/1999,2970
New South Wales,1/2/1999,168570
Northern Territory,1/2/1999,4010
Queensland,1/2/1999,101990
South Australia,1/2/1999,10360
Tasmania,1/2/1999,2710
Victoria,1/2/1999,65440
Western Australia,1/2/1999,41510
Australian Capital Territory,1/3/1999,3090
New South Wales,1/3/1999,164200
Northern Territory,1/3/1999,3510
Queensland,1/3/1999,104610
South Australia,1/3/1999,8530
Tasmania,1/3/1999,2310
Victoria,1/3/1999,63520
Western Australia,1/3/1999,38090
Australian Capital Territory,1/4/1999,2360
New South Wales,1/4/1999,143260
Northern Territory,1/4/1999,2810
Queensland,1/4/1999,95870
South Australia,1/4/1999,7190
Tasmania,1/4/1999,1420
Victoria,1/4/1999,47940
Western Australia,1/4/1999,32380
Australian Capital Territory,1/5/1999,1850
New South Wales,1/5/1999,118190
Northern Territory,1/5/1999,4260
Queensland,1/5/1999,96570
South Australia,1/5/1999,6670
Tasmania,1/5/1999,1270
Victoria,1/5/1999,40910
Western Australia,1/5/1999,27520
Australian Capital Territory,1/6/1999,2400
New South Wales,1/6/1999,118770
Northern Territory,1/6/1999,4440
Queensland,1/6/1999,110800
South Australia,1/6/1999,6750
Tasmania,1/6/1999,850
Victoria,1/6/1999,43700
Western Australia,1/6/1999,28140
Australian Capital Territory,1/7/1999,3530
New South Wales,1/7/1999,154400
Northern Territory,1/7/1999,7990
Queensland,1/7/1999,125830
South Australia,1/7/1999,8550
Tasmania,1/7/1999,1060
Victoria,1/7/1999,53990
Western Australia,1/7/1999,33110
Australian Capital Territory,1/8/1999,1850
New South Wales,1/8/1999,146360
Northern Territory,1/8/1999,5150
Queensland,1/8/1999,118290
South Australia,1/8/1999,7090
Tasmania,1/8/1999,1020
Victoria,1/8/1999,42860
Western Australia,1/8/1999,33000
Australian Capital Territory,1/9/1999,2950
New South Wales,1/9/1999,141040
Northern Territory,1/9/1999,6380
Queensland,1/9/1999,112130
South Australia,1/9/1999,7780
Tasmania,1/9/1999,1300
Victoria,1/9/1999,45410
Western Australia,1/9/1999,36070
Australian Capital Territory,1/10/1999,2700
New South Wales,1/10/1999,153580
Northern Territory,1/10/1999,7370
Queensland,1/10/1999,114680
South Australia,1/10/1999,11860
Tasmania,1/10/1999,1260
Victoria,1/10/1999,64960
Western Australia,1/10/1999,40540
Australian Capital Territory,1/11/1999,3040
New South Wales,1/11/1999,177560
Northern Territory,1/11/1999,4580
Queensland,1/11/1999,112260
South Australia,1/11/1999,10380
Tasmania,1/11/1999,2180
Victoria,1/11/1999,60860
Western Australia,1/11/1999,45770
Australian Capital Territory,1/12/1999,3450
New South Wales,1/12/1999,199780
Northern Territory,1/12/1999,4930
Queensland,1/12/1999,117590
South Australia,1/12/1999,15770
Tasmania,1/12/1999,3330
Victoria,1/12/1999,71350
Western Australia,1/12/1999,44350
Australian Capital Territory,1/1/2000,3240
New South Wales,1/1/2000,155900
Northern Territory,1/1/2000,3270
Queensland,1/1/2000,88620
South Australia,1/1/2000,9740
Tasmania,1/1/2000,2880
Victoria,1/1/2000,60170
Western Australia,1/1/2000,36980
Australian Capital Territory,1/2/2000,3280
New South Wales,1/2/2000,190020
Northern Territory,1/2/2000,4660
Queensland,1/2/2000,107660
South Australia,1/2/2000,11400
Tasmania,1/2/2000,5620
Victoria,1/2/2000,70240
Western Australia,1/2/2000,41690
Australian Capital Territory,1/3/2000,3160
New South Wales,1/3/2000,174210
Northern Territory,1/3/2000,5990
Queensland,1/3/2000,104280
South Australia,1/3/2000,12370
Tasmania,1/3/2000,2400
Victoria,1/3/2000,70440
Western Australia,1/3/2000,38910
Australian Capital Territory,1/4/2000,3530
New South Wales,1/4/2000,177090
Northern Territory,1/4/2000,4740
Queensland,1/4/2000,113620
South Australia,1/4/2000,11710
Tasmania,1/4/2000,2110
Victoria,1/4/2000,57450
Western Australia,1/4/2000,35310
Australian Capital Territory,1/5/2000,2400
New South Wales,1/5/2000,137840
Northern Territory,1/5/2000,4840
Queensland,1/5/2000,95140
South Australia,1/5/2000,6550
Tasmania,1/5/2000,1020
Victoria,1/5/2000,44090
Western Australia,1/5/2000,27370
Australian Capital Territory,1/6/2000,3710
New South Wales,1/6/2000,137230
Northern Territory,1/6/2000,6490
Queensland,1/6/2000,115840
South Australia,1/6/2000,9140
Tasmania,1/6/2000,950
Victoria,1/6/2000,44130
Western Australia,1/6/2000,30360
Australian Capital Territory,1/7/2000,5000
New South Wales,1/7/2000,177050
Northern Territory,1/7/2000,8530
Queensland,1/7/2000,129700
South Australia,1/7/2000,10230
Tasmania,1/7/2000,1240
Victoria,1/7/2000,60560
Western Australia,1/7/2000,36640
Australian Capital Territory,1/8/2000,2590
New South Wales,1/8/2000,154200
Northern Territory,1/8/2000,5240
Queensland,1/8/2000,117080
South Australia,1/8/2000,7250
Tasmania,1/8/2000,1480
Victoria,1/8/2000,54180
Western Australia,1/8/2000,30580
Australian Capital Territory,1/9/2000,5430
New South Wales,1/9/2000,222370
Northern Territory,1/9/2000,3660
Queensland,1/9/2000,90230
South Australia,1/9/2000,5880
Tasmania,1/9/2000,1150
Victoria,1/9/2000,47200
Western Australia,1/9/2000,26930
Australian Capital Territory,1/10/2000,3440
New South Wales,1/10/2000,184950
Northern Territory,1/10/2000,5780
Queensland,1/10/2000,115220
South Australia,1/10/2000,8620
Tasmania,1/10/2000,2900
Victoria,1/10/2000,69020
Western Australia,1/10/2000,36480
Australian Capital Territory,1/11/2000,3030
New South Wales,1/11/2000,194410
Northern Territory,1/11/2000,4910
Queensland,1/11/2000,120840
South Australia,1/11/2000,8660
Tasmania,1/11/2000,3020
Victoria,1/11/2000,78130
Western Australia,1/11/2000,46240
Australian Capital Territory,1/12/2000,4660
New South Wales,1/12/2000,237720
Northern Territory,1/12/2000,4280
Queensland,1/12/2000,135500
South Australia,1/12/2000,16660
Tasmania,1/12/2000,5900
Victoria,1/12/2000,89380
Western Australia,1/12/2000,65620
Australian Capital Territory,1/1/2001,3540
New South Wales,1/1/2001,176100
Northern Territory,1/1/2001,4480
Queensland,1/1/2001,107960
South Australia,1/1/2001,10460
Tasmania,1/1/2001,3110
Victoria,1/1/2001,67650
Western Australia,1/1/2001,43130
Australian Capital Territory,1/2/2001,4350
New South Wales,1/2/2001,184340
Northern Territory,1/2/2001,4870
Queensland,1/2/2001,98480
South Australia,1/2/2001,10270
Tasmania,1/2/2001,3990
Victoria,1/2/2001,79620
Western Australia,1/2/2001,43180
Australian Capital Territory,1/3/2001,3740
New South Wales,1/3/2001,174370
Northern Territory,1/3/2001,5740
Queensland,1/3/2001,113590
South Australia,1/3/2001,10480
Tasmania,1/3/2001,3500
Victoria,1/3/2001,73280
Western Australia,1/3/2001,43670
Australian Capital Territory,1/4/2001,4430
New South Wales,1/4/2001,164850
Northern Territory,1/4/2001,5960
Queensland,1/4/2001,115840
South Australia,1/4/2001,9920
Tasmania,1/4/2001,2590
Victoria,1/4/2001,64350
Western Australia,1/4/2001,37140
Australian Capital Territory,1/5/2001,3020
New South Wales,1/5/2001,139860
Northern Territory,1/5/2001,5690
Queensland,1/5/2001,98830
South Australia,1/5/2001,5620
Tasmania,1/5/2001,1250
Victoria,1/5/2001,49100
Western Australia,1/5/2001,26230
Australian Capital Territory,1/6/2001,2450
New South Wales,1/6/2001,142210
Northern Territory,1/6/2001,5400
Queensland,1/6/2001,133220
South Australia,1/6/2001,6520
Tasmania,1/6/2001,1490
Victoria,1/6/2001,48880
Western Australia,1/6/2001,29530
Australian Capital Territory,1/7/2001,5360
New South Wales,1/7/2001,173030
Northern Territory,1/7/2001,8220
Queensland,1/7/2001,139450
South Australia,1/7/2001,11710
Tasmania,1/7/2001,1780
Victoria,1/7/2001,74260
Western Australia,1/7/2001,33050
Australian Capital Territory,1/8/2001,3890
New South Wales,1/8/2001,154450
Northern Territory,1/8/2001,6660
Queensland,1/8/2001,125410
South Australia,1/8/2001,6930
Tasmania,1/8/2001,1490
Victoria,1/8/2001,53730
Western Australia,1/8/2001,31960
Australian Capital Territory,1/9/2001,3600
New South Wales,1/9/2001,142230
Northern Territory,1/9/2001,7200
Queensland,1/9/2001,114220
South Australia,1/9/2001,7850
Tasmania,1/9/2001,1810
Victoria,1/9/2001,53640
Western Australia,1/9/2001,35580
Australian Capital Territory,1/10/2001,2890
New South Wales,1/10/2001,149080
Northern Territory,1/10/2001,7060
Queensland,1/10/2001,102350
South Australia,1/10/2001,9310
Tasmania,1/10/2001,2480
Victoria,1/10/2001,67080
Western Australia,1/10/2001,38230
Australian Capital Territory,1/11/2001,2920
New South Wales,1/11/2001,154330
Northern Territory,1/11/2001,4910
Queensland,1/11/2001,97160
South Australia,1/11/2001,9240
Tasmania,1/11/2001,3140
Victoria,1/11/2001,66640
Western Australia,1/11/2001,37840
Australian Capital Territory,1/12/2001,4390
New South Wales,1/12/2001,224380
Northern Territory,1/12/2001,4120
Queensland,1/12/2001,124000
South Australia,1/12/2001,13860
Tasmania,1/12/2001,5090
Victoria,1/12/2001,91620
Western Australia,1/12/2001,55710
Australian Capital Territory,1/1/2002,3950
New South Wales,1/1/2002,158330
Northern Territory,1/1/2002,4520
Queensland,1/1/2002,90590
South Australia,1/1/2002,9260
Tasmania,1/1/2002,5090
Victoria,1/1/2002,71520
Western Australia,1/1/2002,36020
Australian Capital Territory,1/2/2002,4890
New South Wales,1/2/2002,179990
Northern Territory,1/2/2002,4720
Queensland,1/2/2002,102480
South Australia,1/2/2002,11830
Tasmania,1/2/2002,5620
Victoria,1/2/2002,84480
Western Australia,1/2/2002,43230
Australian Capital Territory,1/3/2002,4320
New South Wales,1/3/2002,182270
Northern Territory,1/3/2002,5120
Queensland,1/3/2002,112280
South Australia,1/3/2002,11090
Tasmania,1/3/2002,3230
Victoria,1/3/2002,82000
Western Australia,1/3/2002,46040
Australian Capital Territory,1/4/2002,4010
New South Wales,1/4/2002,152000
Northern Territory,1/4/2002,4800
Queensland,1/4/2002,98320
South Australia,1/4/2002,7400
Tasmania,1/4/2002,1540
Victoria,1/4/2002,59230
Western Australia,1/4/2002,32980
Australian Capital Territory,1/5/2002,2970
New South Wales,1/5/2002,133540
Northern Territory,1/5/2002,4790
Queensland,1/5/2002,97660
South Australia,1/5/2002,5850
Tasmania,1/5/2002,1340
Victoria,1/5/2002,53780
Western Australia,1/5/2002,30000
Australian Capital Territory,1/6/2002,3220
New South Wales,1/6/2002,126950
Northern Territory,1/6/2002,5340
Queensland,1/6/2002,117080
South Australia,1/6/2002,5340
Tasmania,1/6/2002,1800
Victoria,1/6/2002,49000
Western Australia,1/6/2002,30660
Australian Capital Territory,1/7/2002,4920
New South Wales,1/7/2002,162930
Northern Territory,1/7/2002,6430
Queensland,1/7/2002,131800
South Australia,1/7/2002,10220
Tasmania,1/7/2002,1300
Victoria,1/7/2002,66780
Western Australia,1/7/2002,33600
Australian Capital Territory,1/8/2002,2810
New South Wales,1/8/2002,146170
Northern Territory,1/8/2002,6710
Queensland,1/8/2002,119760
South Australia,1/8/2002,8140
Tasmania,1/8/2002,1370
Victoria,1/8/2002,55000
Western Australia,1/8/2002,31970
Australian Capital Territory,1/9/2002,2900
New South Wales,1/9/2002,137380
Northern Territory,1/9/2002,6420
Queensland,1/9/2002,110640
South Australia,1/9/2002,6940
Tasmania,1/9/2002,1270
Victoria,1/9/2002,58250
Western Australia,1/9/2002,34740
Australian Capital Territory,1/10/2002,4270
New South Wales,1/10/2002,173850
Northern Territory,1/10/2002,5500
Queensland,1/10/2002,120690
South Australia,1/10/2002,8450
Tasmania,1/10/2002,2200
Victoria,1/10/2002,71010
Western Australia,1/10/2002,42900
Australian Capital Territory,1/11/2002,3500
New South Wales,1/11/2002,170310
Northern Territory,1/11/2002,5620
Queensland,1/11/2002,122380
South Australia,1/11/2002,12220
Tasmania,1/11/2002,3190
Victoria,1/11/2002,71640
Western Australia,1/11/2002,48100
Australian Capital Territory,1/12/2002,4550
New South Wales,1/12/2002,217700
Northern Territory,1/12/2002,3860
Queensland,1/12/2002,130670
South Australia,1/12/2002,15050
Tasmania,1/12/2002,5590
Victoria,1/12/2002,96260
Western Australia,1/12/2002,60280
Australian Capital Territory,1/1/2003,4100
New South Wales,1/1/2003,163840
Northern Territory,1/1/2003,3060
Queensland,1/1/2003,103470
South Australia,1/1/2003,9160
Tasmania,1/1/2003,3590
Victoria,1/1/2003,70800
Western Australia,1/1/2003,38610
Australian Capital Territory,1/2/2003,4820
New South Wales,1/2/2003,173750
Northern Territory,1/2/2003,3700
Queensland,1/2/2003,101110
South Australia,1/2/2003,11400
Tasmania,1/2/2003,5490
Victoria,1/2/2003,83700
Western Australia,1/2/2003,43520
Australian Capital Territory,1/3/2003,3700
New South Wales,1/3/2003,158770
Northern Territory,1/3/2003,3690
Queensland,1/3/2003,97870
South Australia,1/3/2003,10500
Tasmania,1/3/2003,3160
Victoria,1/3/2003,74060
Western Australia,1/3/2003,40680
Australian Capital Territory,1/4/2003,3390
New South Wales,1/4/2003,129290
Northern Territory,1/4/2003,2820
Queensland,1/4/2003,91830
South Australia,1/4/2003,7640
Tasmania,1/4/2003,2440
Victoria,1/4/2003,51400
Western Australia,1/4/2003,32710
Australian Capital Territory,1/5/2003,2260
New South Wales,1/5/2003,102650
Northern Territory,1/5/2003,4620
Queensland,1/5/2003,79590
South Australia,1/5/2003,5220
Tasmania,1/5/2003,1440
Victoria,1/5/2003,40130
Western Australia,1/5/2003,24990
Australian Capital Territory,1/6/2003,2840
New South Wales,1/6/2003,116150
Northern Territory,1/6/2003,4470
Queensland,1/6/2003,99630
South Australia,1/6/2003,6110
Tasmania,1/6/2003,1450
Victoria,1/6/2003,49120
Western Australia,1/6/2003,28450
Australian Capital Territory,1/7/2003,4560
New South Wales,1/7/2003,163600
Northern Territory,1/7/2003,5390
Queensland,1/7/2003,131360
South Australia,1/7/2003,10140
Tasmania,1/7/2003,1310
Victoria,1/7/2003,63160
Western Australia,1/7/2003,35980
Australian Capital Territory,1/8/2003,3040
New South Wales,1/8/2003,138100
Northern Territory,1/8/2003,5060
Queensland,1/8/2003,121170
South Australia,1/8/2003,7880
Tasmania,1/8/2003,1580
Victoria,1/8/2003,52890
Western Australia,1/8/2003,32510
Australian Capital Territory,1/9/2003,3360
New South Wales,1/9/2003,147840
Northern Territory,1/9/2003,5000
Queensland,1/9/2003,119910
South Australia,1/9/2003,8510
Tasmania,1/9/2003,2220
Victoria,1/9/2003,57630
Western Australia,1/9/2003,41130
Australian Capital Territory,1/10/2003,4910
New South Wales,1/10/2003,167670
Northern Territory,1/10/2003,4790
Queensland,1/10/2003,123400
South Australia,1/10/2003,9900
Tasmania,1/10/2003,2360
Victoria,1/10/2003,73630
Western Australia,1/10/2003,48570
Australian Capital Territory,1/11/2003,4270
New South Wales,1/11/2003,195020
Northern Territory,1/11/2003,3780
Queensland,1/11/2003,127950
South Australia,1/11/2003,10310
Tasmania,1/11/2003,3810
Victoria,1/11/2003,83350
Western Australia,1/11/2003,44670
Australian Capital Territory,1/12/2003,5670
New South Wales,1/12/2003,229690
Northern Territory,1/12/2003,3840
Queensland,1/12/2003,142290
South Australia,1/12/2003,15220
Tasmania,1/12/2003,5970
Victoria,1/12/2003,104110
Western Australia,1/12/2003,59430
Australian Capital Territory,1/1/2004,4550
New South Wales,1/1/2004,165800
Northern Territory,1/1/2004,3310
Queensland,1/1/2004,117420
South Australia,1/1/2004,10870
Tasmania,1/1/2004,4390
Victoria,1/1/2004,74140
Western Australia,1/1/2004,39680
Australian Capital Territory,1/2/2004,5690
New South Wales,1/2/2004,183590
Northern Territory,1/2/2004,3380
Queensland,1/2/2004,113410
South Australia,1/2/2004,12730
Tasmania,1/2/2004,6580
Victoria,1/2/2004,86430
Western Australia,1/2/2004,43010
Australian Capital Territory,1/3/2004,4290
New South Wales,1/3/2004,168630
Northern Territory,1/3/2004,3180
Queensland,1/3/2004,114230
South Australia,1/3/2004,12000
Tasmania,1/3/2004,3520
Victoria,1/3/2004,83340
Western Australia,1/3/2004,43070
Australian Capital Territory,1/4/2004,4870
New South Wales,1/4/2004,157720
Northern Territory,1/4/2004,3060
Queensland,1/4/2004,115940
South Australia,1/4/2004,10770
Tasmania,1/4/2004,2240
Victoria,1/4/2004,69800
Western Australia,1/4/2004,38390
Australian Capital Territory,1/5/2004,3430
New South Wales,1/5/2004,134780
Northern Territory,1/5/2004,4750
Queensland,1/5/2004,106560
South Australia,1/5/2004,7090
Tasmania,1/5/2004,1390
Victoria,1/5/2004,55640
Western Australia,1/5/2004,27610
Australian Capital Territory,1/6/2004,3740
New South Wales,1/6/2004,133860
Northern Territory,1/6/2004,5310
Queensland,1/6/2004,127730
South Australia,1/6/2004,5910
Tasmania,1/6/2004,1450
Victoria,1/6/2004,59830
Western Australia,1/6/2004,29430
Australian Capital Territory,1/7/2004,5140
New South Wales,1/7/2004,171830
Northern Territory,1/7/2004,6530
Queensland,1/7/2004,158110
South Australia,1/7/2004,11090
Tasmania,1/7/2004,1900
Victoria,1/7/2004,77410
Western Australia,1/7/2004,35550
Australian Capital Territory,1/8/2004,3260
New South Wales,1/8/2004,153030
Northern Territory,1/8/2004,6810
Queensland,1/8/2004,137040
South Australia,1/8/2004,7960
Tasmania,1/8/2004,1460
Victoria,1/8/2004,61030
Western Australia,1/8/2004,32460
Australian Capital Territory,1/9/2004,3730
New South Wales,1/9/2004,143770
Northern Territory,1/9/2004,6850
Queensland,1/9/2004,132640
South Australia,1/9/2004,8490
Tasmania,1/9/2004,1770
Victoria,1/9/2004,60610
Western Australia,1/9/2004,35660
Australian Capital Territory,1/10/2004,3580
New South Wales,1/10/2004,170030
Northern Territory,1/10/2004,5900
Queensland,1/10/2004,136120
South Australia,1/10/2004,10220
Tasmania,1/10/2004,2170
Victoria,1/10/2004,77520
Western Australia,1/10/2004,41830
Australian Capital Territory,1/11/2004,3370
New South Wales,1/11/2004,184890
Northern Territory,1/11/2004,4090
Queensland,1/11/2004,134390
South Australia,1/11/2004,10440
Tasmania,1/11/2004,3250
Victoria,1/11/2004,88740
Western Australia,1/11/2004,48850
Australian Capital Territory,1/12/2004,5660
New South Wales,1/12/2004,235480
Northern Territory,1/12/2004,3210
Queensland,1/12/2004,153380
South Australia,1/12/2004,17510
Tasmania,1/12/2004,5410
Victoria,1/12/2004,108300
Western Australia,1/12/2004,62440
Australian Capital Territory,1/1/2005,3860
New South Wales,1/1/2005,193910
Northern Territory,1/1/2005,3630
Queensland,1/1/2005,118720
South Australia,1/1/2005,10600
Tasmania,1/1/2005,3170
Victoria,1/1/2005,83440
Western Australia,1/1/2005,39560
Australian Capital Territory,1/2/2005,4950
New South Wales,1/2/2005,201750
Northern Territory,1/2/2005,2880
Queensland,1/2/2005,123730
South Australia,1/2/2005,13190
Tasmania,1/2/2005,4520
Victoria,1/2/2005,99010
Western Australia,1/2/2005,48760
Australian Capital Territory,1/3/2005,4120
New South Wales,1/3/2005,201640
Northern Territory,1/3/2005,3150
Queensland,1/3/2005,130010
South Australia,1/3/2005,13270
Tasmania,1/3/2005,3260
Victoria,1/3/2005,94600
Western Australia,1/3/2005,52030
Australian Capital Territory,1/4/2005,4210
New South Wales,1/4/2005,163380
Northern Territory,1/4/2005,3330
Queensland,1/4/2005,117000
South Australia,1/4/2005,9840
Tasmania,1/4/2005,2240
Victoria,1/4/2005,69920
Western Australia,1/4/2005,36660
Australian Capital Territory,1/5/2005,2720
New South Wales,1/5/2005,134080
Northern Territory,1/5/2005,5840
Queensland,1/5/2005,108240
South Australia,1/5/2005,8210
Tasmania,1/5/2005,1470
Victoria,1/5/2005,58870
Western Australia,1/5/2005,31850
Australian Capital Territory,1/6/2005,2940
New South Wales,1/6/2005,141600
Northern Territory,1/6/2005,4450
Queensland,1/6/2005,128540
South Australia,1/6/2005,7020
Tasmania,1/6/2005,1240
Victoria,1/6/2005,58530
Western Australia,1/6/2005,32700
Australian Capital Territory,1/7/2005,3940
New South Wales,1/7/2005,189340
Northern Territory,1/7/2005,6370
Queensland,1/7/2005,169640
South Australia,1/7/2005,11510
Tasmania,1/7/2005,2210
Victoria,1/7/2005,78380
Western Australia,1/7/2005,35660
Australian Capital Territory,1/8/2005,2990
New South Wales,1/8/2005,162740
Northern Territory,1/8/2005,6510
Queensland,1/8/2005,147330
South Australia,1/8/2005,8320
Tasmania,1/8/2005,1320
Victoria,1/8/2005,66630
Western Australia,1/8/2005,33420
Australian Capital Territory,1/9/2005,3910
New South Wales,1/9/2005,155720
Northern Territory,1/9/2005,5880
Queensland,1/9/2005,134860
South Australia,1/9/2005,9950
Tasmania,1/9/2005,1760
Victoria,1/9/2005,61210
Western Australia,1/9/2005,38770
Australian Capital Territory,1/10/2005,3740
New South Wales,1/10/2005,175440
Northern Territory,1/10/2005,5040
Queensland,1/10/2005,136840
South Australia,1/10/2005,10260
Tasmania,1/10/2005,2430
Victoria,1/10/2005,82660
Western Australia,1/10/2005,45460
Australian Capital Territory,1/11/2005,3630
New South Wales,1/11/2005,184280
Northern Territory,1/11/2005,4200
Queensland,1/11/2005,129270
South Australia,1/11/2005,10440
Tasmania,1/11/2005,3250
Victoria,1/11/2005,89110
Western Australia,1/11/2005,46470
Australian Capital Territory,1/12/2005,5150
New South Wales,1/12/2005,237650
Northern Territory,1/12/2005,4330
Queensland,1/12/2005,151570
South Australia,1/12/2005,17360
Tasmania,1/12/2005,5210
Victoria,1/12/2005,113550
Western Australia,1/12/2005,64430
Australian Capital Territory,1/1/2006,3660
New South Wales,1/1/2006,183220
Northern Territory,1/1/2006,3530
Queensland,1/1/2006,121930
South Australia,1/1/2006,10990
Tasmania,1/1/2006,4470
Victoria,1/1/2006,89970
Western Australia,1/1/2006,43620
Australian Capital Territory,1/2/2006,4890
New South Wales,1/2/2006,199280
Northern Territory,1/2/2006,2800
Queensland,1/2/2006,116970
South Australia,1/2/2006,15080
Tasmania,1/2/2006,4970
Victoria,1/2/2006,94720
Western Australia,1/2/2006,46290
Australian Capital Territory,1/3/2006,3850
New South Wales,1/3/2006,186520
Northern Territory,1/3/2006,3770
Queensland,1/3/2006,121600
South Australia,1/3/2006,14640
Tasmania,1/3/2006,4050
Victoria,1/3/2006,94890
Western Australia,1/3/2006,44130
Australian Capital Territory,1/4/2006,3470
New South Wales,1/4/2006,174950
Northern Territory,1/4/2006,4590
Queensland,1/4/2006,120540
South Australia,1/4/2006,11570
Tasmania,1/4/2006,2670
Victoria,1/4/2006,76970
Western Australia,1/4/2006,40270
Australian Capital Territory,1/5/2006,2660
New South Wales,1/5/2006,131030
Northern Territory,1/5/2006,5210
Queensland,1/5/2006,106050
South Australia,1/5/2006,8520
Tasmania,1/5/2006,1350
Victoria,1/5/2006,59980
Western Australia,1/5/2006,28130
Australian Capital Territory,1/6/2006,3550
New South Wales,1/6/2006,139550
Northern Territory,1/6/2006,4510
Queensland,1/6/2006,130580
South Australia,1/6/2006,8360
Tasmania,1/6/2006,1730
Victoria,1/6/2006,61530
Western Australia,1/6/2006,29850
Australian Capital Territory,1/7/2006,4880
New South Wales,1/7/2006,180390
Northern Territory,1/7/2006,7270
Queensland,1/7/2006,159900
South Australia,1/7/2006,12250
Tasmania,1/7/2006,2090
Victoria,1/7/2006,75910
Western Australia,1/7/2006,35510
Australian Capital Territory,1/8/2006,2910
New South Wales,1/8/2006,153620
Northern Territory,1/8/2006,7400
Queensland,1/8/2006,136790
South Australia,1/8/2006,10430
Tasmania,1/8/2006,1960
Victoria,1/8/2006,65270
Western Australia,1/8/2006,31820
Australian Capital Territory,1/9/2006,3590
New South Wales,1/9/2006,155370
Northern Territory,1/9/2006,5530
Queensland,1/9/2006,143670
South Australia,1/9/2006,10010
Tasmania,1/9/2006,1820
Victoria,1/9/2006,69370
Western Australia,1/9/2006,34090
Australian Capital Territory,1/10/2006,3840
New South Wales,1/10/2006,184600
Northern Territory,1/10/2006,5440
Queensland,1/10/2006,134380
South Australia,1/10/2006,11500
Tasmania,1/10/2006,3230
Victoria,1/10/2006,81860
Western Australia,1/10/2006,48050
Australian Capital Territory,1/11/2006,5220
New South Wales,1/11/2006,194160
Northern Territory,1/11/2006,4440
Queensland,1/11/2006,131770
South Australia,1/11/2006,12600
Tasmania,1/11/2006,3340
Victoria,1/11/2006,89920
Western Australia,1/11/2006,48530
Australian Capital Territory,1/12/2006,5300
New South Wales,1/12/2006,250830
Northern Territory,1/12/2006,3300
Queensland,1/12/2006,152070
South Australia,1/12/2006,21490
Tasmania,1/12/2006,5480
Victoria,1/12/2006,128030
Western Australia,1/12/2006,74350
Australian Capital Territory,1/1/2007,4280
New South Wales,1/1/2007,184170
Northern Territory,1/1/2007,3210
Queensland,1/1/2007,112290
South Australia,1/1/2007,13340
Tasmania,1/1/2007,4080
Victoria,1/1/2007,86480
Western Australia,1/1/2007,43150
Australian Capital Territory,1/2/2007,4890
New South Wales,1/2/2007,207050
Northern Territory,1/2/2007,3570
Queensland,1/2/2007,120330
South Australia,1/2/2007,16070
Tasmania,1/2/2007,5300
Victoria,1/2/2007,101570
Western Australia,1/2/2007,51400
Australian Capital Territory,1/3/2007,4180
New South Wales,1/3/2007,207800
Northern Territory,1/3/2007,3790
Queensland,1/3/2007,125380
South Australia,1/3/2007,21450
Tasmania,1/3/2007,3960
Victoria,1/3/2007,102970
Western Australia,1/3/2007,50500
Australian Capital Territory,1/4/2007,3980
New South Wales,1/4/2007,174790
Northern Territory,1/4/2007,4250
Queensland,1/4/2007,116730
South Australia,1/4/2007,12230
Tasmania,1/4/2007,2090
Victoria,1/4/2007,77330
Western Australia,1/4/2007,43550
Australian Capital Territory,1/5/2007,2900
New South Wales,1/5/2007,139620
Northern Territory,1/5/2007,6620
Queensland,1/5/2007,106120
South Australia,1/5/2007,8210
Tasmania,1/5/2007,1560
Victoria,1/5/2007,66720
Western Australia,1/5/2007,32990
Australian Capital Territory,1/6/2007,2780
New South Wales,1/6/2007,146460
Northern Territory,1/6/2007,4700
Queensland,1/6/2007,131890
South Australia,1/6/2007,7920
Tasmania,1/6/2007,1670
Victoria,1/6/2007,70080
Western Australia,1/6/2007,32460
Australian Capital Territory,1/7/2007,5600
New South Wales,1/7/2007,181440
Northern Territory,1/7/2007,8670
Queensland,1/7/2007,153830
South Australia,1/7/2007,13710
Tasmania,1/7/2007,2150
Victoria,1/7/2007,78660
Western Australia,1/7/2007,38730
Australian Capital Territory,1/8/2007,3980
New South Wales,1/8/2007,163070
Northern Territory,1/8/2007,7800
Queensland,1/8/2007,139900
South Australia,1/8/2007,9890
Tasmania,1/8/2007,1610
Victoria,1/8/2007,70250
Western Australia,1/8/2007,38250
Australian Capital Territory,1/9/2007,4170
New South Wales,1/9/2007,161210
Northern Territory,1/9/2007,6760
Queensland,1/9/2007,140060
South Australia,1/9/2007,11610
Tasmania,1/9/2007,2180
Victoria,1/9/2007,66300
Western Australia,1/9/2007,41810
Australian Capital Territory,1/10/2007,4650
New South Wales,1/10/2007,175810
Northern Territory,1/10/2007,6780
Queensland,1/10/2007,135910
South Australia,1/10/2007,13170
Tasmania,1/10/2007,2130
Victoria,1/10/2007,82560
Western Australia,1/10/2007,47830
Australian Capital Territory,1/11/2007,5130
New South Wales,1/11/2007,196010
Northern Territory,1/11/2007,5160
Queensland,1/11/2007,130630
South Australia,1/11/2007,14000
Tasmania,1/11/2007,3060
Victoria,1/11/2007,93610
Western Australia,1/11/2007,51610
Australian Capital Territory,1/12/2007,5950
New South Wales,1/12/2007,243200
Northern Territory,1/12/2007,5150
Queensland,1/12/2007,148830
South Australia,1/12/2007,19530
Tasmania,1/12/2007,4800
Victoria,1/12/2007,116900
Western Australia,1/12/2007,70380
Australian Capital Territory,1/1/2008,4250
New South Wales,1/1/2008,182160
Northern Territory,1/1/2008,3770
Queensland,1/1/2008,105440
South Australia,1/1/2008,13560
Tasmania,1/1/2008,3670
Victoria,1/1/2008,85100
Western Australia,1/1/2008,42640
Australian Capital Territory,1/2/2008,5930
New South Wales,1/2/2008,226880
Northern Territory,1/2/2008,3600
Queensland,1/2/2008,126730
South Australia,1/2/2008,16920
Tasmania,1/2/2008,5600
Victoria,1/2/2008,107130
Western Australia,1/2/2008,53600
Australian Capital Territory,1/3/2008,5150
New South Wales,1/3/2008,204300
Northern Territory,1/3/2008,4070
Queensland,1/3/2008,122080
South Australia,1/3/2008,16830
Tasmania,1/3/2008,3780
Victoria,1/3/2008,102600
Western Australia,1/3/2008,54880
Australian Capital Territory,1/4/2008,3900
New South Wales,1/4/2008,166570
Northern Territory,1/4/2008,4550
Queensland,1/4/2008,110660
South Australia,1/4/2008,12590
Tasmania,1/4/2008,2530
Victoria,1/4/2008,81270
Western Australia,1/4/2008,42240
Australian Capital Territory,1/5/2008,3220
New South Wales,1/5/2008,144200
Northern Territory,1/5/2008,6990
Queensland,1/5/2008,112620
South Australia,1/5/2008,8510
Tasmania,1/5/2008,1990
Victoria,1/5/2008,69490
Western Australia,1/5/2008,33020
Australian Capital Territory,1/6/2008,3770
New South Wales,1/6/2008,138310
Northern Territory,1/6/2008,10130
Queensland,1/6/2008,117720
South Australia,1/6/2008,9520
Tasmania,1/6/2008,1800
Victoria,1/6/2008,66120
Western Australia,1/6/2008,35090
Australian Capital Territory,1/7/2008,6430
New South Wales,1/7/2008,217450
Northern Territory,1/7/2008,11190
Queensland,1/7/2008,149300
South Australia,1/7/2008,13650
Tasmania,1/7/2008,2030
Victoria,1/7/2008,90180
Western Australia,1/7/2008,40220
Australian Capital Territory,1/8/2008,4600
New South Wales,1/8/2008,158180
Northern Territory,1/8/2008,7820
Queensland,1/8/2008,131570
South Australia,1/8/2008,12400
Tasmania,1/8/2008,2180
Victoria,1/8/2008,67240
Western Australia,1/8/2008,34770
Australian Capital Territory,1/9/2008,3770
New South Wales,1/9/2008,146090
Northern Territory,1/9/2008,7440
Queensland,1/9/2008,123350
South Australia,1/9/2008,10370
Tasmania,1/9/2008,1920
Victoria,1/9/2008,67740
Western Australia,1/9/2008,39330
Australian Capital Territory,1/10/2008,4630
New South Wales,1/10/2008,166460
Northern Territory,1/10/2008,5810
Queensland,1/10/2008,139450
South Australia,1/10/2008,12190
Tasmania,1/10/2008,2340
Victoria,1/10/2008,80090
Western Australia,1/10/2008,44770
Australian Capital Territory,1/11/2008,5730
New South Wales,1/11/2008,178360
Northern Territory,1/11/2008,6960
Queensland,1/11/2008,120880
South Australia,1/11/2008,13150
Tasmania,1/11/2008,3380
Victoria,1/11/2008,93140
Western Australia,1/11/2008,48730
Australian Capital Territory,1/12/2008,5520
New South Wales,1/12/2008,241970
Northern Territory,1/12/2008,5150
Queensland,1/12/2008,141350
South Australia,1/12/2008,18170
Tasmania,1/12/2008,5840
Victoria,1/12/2008,124840
Western Australia,1/12/2008,68970
Australian Capital Territory,1/1/2009,4780
New South Wales,1/1/2009,181760
Northern Territory,1/1/2009,3880
Queensland,1/1/2009,105990
South Australia,1/1/2009,13370
Tasmania,1/1/2009,4570
Victoria,1/1/2009,90440
Western Australia,1/1/2009,47110
Australian Capital Territory,1/2/2009,6920
New South Wales,1/2/2009,203630
Northern Territory,1/2/2009,4110
Queensland,1/2/2009,107680
South Australia,1/2/2009,16660
Tasmania,1/2/2009,5000
Victoria,1/2/2009,105170
Western Australia,1/2/2009,52590
Australian Capital Territory,1/3/2009,4610
New South Wales,1/3/2009,190670
Northern Territory,1/3/2009,3860
Queensland,1/3/2009,112120
South Australia,1/3/2009,15210
Tasmania,1/3/2009,4580
Victoria,1/3/2009,102640
Western Australia,1/3/2009,53130
Australian Capital Territory,1/4/2009,4340
New South Wales,1/4/2009,177100
Northern Territory,1/4/2009,5290
Queensland,1/4/2009,116040
South Australia,1/4/2009,11870
Tasmania,1/4/2009,3130
Victoria,1/4/2009,88290
Western Australia,1/4/2009,46780
Australian Capital Territory,1/5/2009,3560
New South Wales,1/5/2009,136490
Northern Territory,1/5/2009,7000
Queensland,1/5/2009,105920
South Australia,1/5/2009,9380
Tasmania,1/5/2009,1970
Victoria,1/5/2009,70830
Western Australia,1/5/2009,37780
Australian Capital Territory,1/6/2009,3880
New South Wales,1/6/2009,128640
Northern Territory,1/6/2009,6930
Queensland,1/6/2009,108070
South Australia,1/6/2009,9270
Tasmania,1/6/2009,1650
Victoria,1/6/2009,66130
Western Australia,1/6/2009,37710
Australian Capital Territory,1/7/2009,5940
New South Wales,1/7/2009,164190
Northern Territory,1/7/2009,12080
Queensland,1/7/2009,135840
South Australia,1/7/2009,14230
Tasmania,1/7/2009,1840
Victoria,1/7/2009,82930
Western Australia,1/7/2009,41910
Australian Capital Territory,1/8/2009,4360
New South Wales,1/8/2009,156840
Northern Territory,1/8/2009,7360
Queensland,1/8/2009,123710
South Australia,1/8/2009,9460
Tasmania,1/8/2009,1890
Victoria,1/8/2009,71940
Western Australia,1/8/2009,37590
Australian Capital Territory,1/9/2009,4540
New South Wales,1/9/2009,157060
Northern Territory,1/9/2009,7490
Queensland,1/9/2009,128250
South Australia,1/9/2009,12500
Tasmania,1/9/2009,2370
Victoria,1/9/2009,76720
Western Australia,1/9/2009,48360
Australian Capital Territory,1/10/2009,4200
New South Wales,1/10/2009,183700
Northern Territory,1/10/2009,6250
Queensland,1/10/2009,138330
South Australia,1/10/2009,12310
Tasmania,1/10/2009,2720
Victoria,1/10/2009,90440
Western Australia,1/10/2009,46880
Australian Capital Territory,1/11/2009,5170
New South Wales,1/11/2009,181810
Northern Territory,1/11/2009,5310
Queensland,1/11/2009,124050
South Australia,1/11/2009,14130
Tasmania,1/11/2009,2880
Victoria,1/11/2009,96670
Western Australia,1/11/2009,55210
Australian Capital Territory,1/12/2009,5800
New South Wales,1/12/2009,259890
Northern Territory,1/12/2009,4970
Queensland,1/12/2009,142670
South Australia,1/12/2009,20110
Tasmania,1/12/2009,5630
Victoria,1/12/2009,139620
Western Australia,1/12/2009,70670
Australian Capital Territory,1/1/2010,5400
New South Wales,1/1/2010,184810
Northern Territory,1/1/2010,3920
Queensland,1/1/2010,99120
South Australia,1/1/2010,12670
Tasmania,1/1/2010,3610
Victoria,1/1/2010,93510
Western Australia,1/1/2010,45680
Australian Capital Territory,1/2/2010,7320
New South Wales,1/2/2010,224490
Northern Territory,1/2/2010,4640
Queensland,1/2/2010,122950
South Australia,1/2/2010,17400
Tasmania,1/2/2010,5620
Victoria,1/2/2010,122730
Western Australia,1/2/2010,54970
Australian Capital Territory,1/3/2010,5660
New South Wales,1/3/2010,204450
Northern Territory,1/3/2010,4030
Queensland,1/3/2010,120730
South Australia,1/3/2010,17700
Tasmania,1/3/2010,4300
Victoria,1/3/2010,112440
Western Australia,1/3/2010,57020
Australian Capital Territory,1/4/2010,4120
New South Wales,1/4/2010,165850
Northern Territory,1/4/2010,5010
Queensland,1/4/2010,106910
South Australia,1/4/2010,13910
Tasmania,1/4/2010,2190
Victoria,1/4/2010,85570
Western Australia,1/4/2010,45310
Australian Capital Territory,1/5/2010,3630
New South Wales,1/5/2010,144250
Northern Territory,1/5/2010,5750
Queensland,1/5/2010,96990
South Australia,1/5/2010,9780
Tasmania,1/5/2010,1920
Victoria,1/5/2010,75900
Western Australia,1/5/2010,36720
Australian Capital Territory,1/6/2010,4130
New South Wales,1/6/2010,144480
Northern Territory,1/6/2010,5770
Queensland,1/6/2010,117670
South Australia,1/6/2010,10340
Tasmania,1/6/2010,1930
Victoria,1/6/2010,79790
Western Australia,1/6/2010,39580
Australian Capital Territory,1/7/2010,6270
New South Wales,1/7/2010,182360
Northern Territory,1/7/2010,8320
Queensland,1/7/2010,154640
South Australia,1/7/2010,14590
Tasmania,1/7/2010,2430
Victoria,1/7/2010,99920
Western Australia,1/7/2010,42390
Australian Capital Territory,1/8/2010,5140
New South Wales,1/8/2010,166860
Northern Territory,1/8/2010,8960
Queensland,1/8/2010,131470
South Australia,1/8/2010,10270
Tasmania,1/8/2010,1610
Victoria,1/8/2010,86850
Western Australia,1/8/2010,40130
Australian Capital Territory,1/9/2010,3960
New South Wales,1/9/2010,173780
Northern Territory,1/9/2010,6400
Queensland,1/9/2010,132320
South Australia,1/9/2010,11820
Tasmania,1/9/2010,2250
Victoria,1/9/2010,93410
Western Australia,1/9/2010,51750
Australian Capital Territory,1/10/2010,5490
New South Wales,1/10/2010,184540
Northern Territory,1/10/2010,5790
Queensland,1/10/2010,130130
South Australia,1/10/2010,12260
Tasmania,1/10/2010,2810
Victoria,1/10/2010,103230
Western Australia,1/10/2010,50220
Australian Capital Territory,1/11/2010,4670
New South Wales,1/11/2010,194320
Northern Territory,1/11/2010,4460
Queensland,1/11/2010,126890
South Australia,1/11/2010,14060
Tasmania,1/11/2010,3450
Victoria,1/11/2010,113810
Western Australia,1/11/2010,56440
Australian Capital Territory,1/12/2010,5750
New South Wales,1/12/2010,265450
Northern Territory,1/12/2010,4650
Queensland,1/12/2010,147690
South Australia,1/12/2010,20140
Tasmania,1/12/2010,6100
Victoria,1/12/2010,152220
Western Australia,1/12/2010,76360
Australian Capital Territory,1/1/2011,4100
New South Wales,1/1/2011,196020
Northern Territory,1/1/2011,3690
Queensland,1/1/2011,96150
South Australia,1/1/2011,13210
Tasmania,1/1/2011,4380
Victoria,1/1/2011,107630
Western Australia,1/1/2011,48600
Australian Capital Territory,1/2/2011,6830
New South Wales,1/2/2011,225040
Northern Territory,1/2/2011,4430
Queensland,1/2/2011,111790
South Australia,1/2/2011,17940
Tasmania,1/2/2011,5910
Victoria,1/2/2011,132050
Western Australia,1/2/2011,61160
Australian Capital Territory,1/3/2011,4940
New South Wales,1/3/2011,196410
Northern Territory,1/3/2011,5450
Queensland,1/3/2011,102840
South Australia,1/3/2011,15560
Tasmania,1/3/2011,3360
Victoria,1/3/2011,116170
Western Australia,1/3/2011,55360
Australian Capital Territory,1/4/2011,4500
New South Wales,1/4/2011,175120
Northern Territory,1/4/2011,5090
Queensland,1/4/2011,107820
South Australia,1/4/2011,15090
Tasmania,1/4/2011,2870
Victoria,1/4/2011,97950
Western Australia,1/4/2011,51890
Australian Capital Territory,1/5/2011,3670
New South Wales,1/5/2011,141050
Northern Territory,1/5/2011,6300
Queensland,1/5/2011,100180
South Australia,1/5/2011,8570
Tasmania,1/5/2011,2000
Victoria,1/5/2011,83580
Western Australia,1/5/2011,39160
Australian Capital Territory,1/6/2011,4210
New South Wales,1/6/2011,137620
Northern Territory,1/6/2011,5700
Queensland,1/6/2011,106370
South Australia,1/6/2011,9370
Tasmania,1/6/2011,1670
Victoria,1/6/2011,82930
Western Australia,1/6/2011,39800
Australian Capital Territory,1/7/2011,6390
New South Wales,1/7/2011,175730
Northern Territory,1/7/2011,11000
Queensland,1/7/2011,151580
South Australia,1/7/2011,13340
Tasmania,1/7/2011,2020
Victoria,1/7/2011,100140
Western Australia,1/7/2011,45430
Australian Capital Territory,1/8/2011,3880
New South Wales,1/8/2011,168820
Northern Territory,1/8/2011,7030
Queensland,1/8/2011,133510
South Australia,1/8/2011,10710
Tasmania,1/8/2011,1630
Victoria,1/8/2011,94720
Western Australia,1/8/2011,46720
Australian Capital Territory,1/9/2011,5240
New South Wales,1/9/2011,161770
Northern Territory,1/9/2011,5730
Queensland,1/9/2011,113180
South Australia,1/9/2011,11590
Tasmania,1/9/2011,2020
Victoria,1/9/2011,83270
Western Australia,1/9/2011,48250
Australian Capital Territory,1/10/2011,4930
New South Wales,1/10/2011,189450
Northern Territory,1/10/2011,5480
Queensland,1/10/2011,130510
South Australia,1/10/2011,12530
Tasmania,1/10/2011,2880
Victoria,1/10/2011,102540
Western Australia,1/10/2011,51200
Australian Capital Territory,1/11/2011,6830
New South Wales,1/11/2011,195730
Northern Territory,1/11/2011,5020
Queensland,1/11/2011,118370
South Australia,1/11/2011,13310
Tasmania,1/11/2011,4240
Victoria,1/11/2011,118920
Western Australia,1/11/2011,60330
Australian Capital Territory,1/12/2011,7260
New South Wales,1/12/2011,261820
Northern Territory,1/12/2011,3840
Queensland,1/12/2011,145190
South Australia,1/12/2011,20540
Tasmania,1/12/2011,7380
Victoria,1/12/2011,155980
Western Australia,1/12/2011,72770
Australian Capital Territory,1/1/2012,4820
New South Wales,1/1/2012,193270
Northern Territory,1/1/2012,4060
Queensland,1/1/2012,107970
South Australia,1/1/2012,16600
Tasmania,1/1/2012,4260
Victoria,1/1/2012,117370
Western Australia,1/1/2012,53640
Australian Capital Territory,1/2/2012,8100
New South Wales,1/2/2012,220150
Northern Territory,1/2/2012,5250
Queensland,1/2/2012,111560
South Australia,1/2/2012,18950
Tasmania,1/2/2012,5730
Victoria,1/2/2012,133920
Western Australia,1/2/2012,62100
Australian Capital Territory,1/3/2012,5080
New South Wales,1/3/2012,208720
Northern Territory,1/3/2012,5270
Queensland,1/3/2012,119580
South Australia,1/3/2012,16080
Tasmania,1/3/2012,3780
Victoria,1/3/2012,125040
Western Australia,1/3/2012,60270
Australian Capital Territory,1/4/2012,4760
New South Wales,1/4/2012,174500
Northern Territory,1/4/2012,5690
Queensland,1/4/2012,109590
South Australia,1/4/2012,13990
Tasmania,1/4/2012,2520
Victoria,1/4/2012,101560
Western Australia,1/4/2012,52470
Australian Capital Territory,1/5/2012,3670
New South Wales,1/5/2012,143040
Northern Territory,1/5/2012,6530
Queensland,1/5/2012,99980
South Australia,1/5/2012,8720
Tasmania,1/5/2012,2370
Victoria,1/5/2012,87470
Western Australia,1/5/2012,41660
Australian Capital Territory,1/6/2012,4340
New South Wales,1/6/2012,144940
Northern Territory,1/6/2012,7620
Queensland,1/6/2012,122310
South Australia,1/6/2012,10220
Tasmania,1/6/2012,2400
Victoria,1/6/2012,84970
Western Australia,1/6/2012,43730
Australian Capital Territory,1/7/2012,6590
New South Wales,1/7/2012,169360
Northern Territory,1/7/2012,11040
Queensland,1/7/2012,147630
South Australia,1/7/2012,14090
Tasmania,1/7/2012,2220
Victoria,1/7/2012,103120
Western Australia,1/7/2012,45810
Australian Capital Territory,1/8/2012,5180
New South Wales,1/8/2012,176510
Northern Territory,1/8/2012,9380
Queensland,1/8/2012,139920
South Australia,1/8/2012,11700
Tasmania,1/8/2012,2320
Victoria,1/8/2012,104180
Western Australia,1/8/2012,49540
Australian Capital Territory,1/9/2012,6030
New South Wales,1/9/2012,162790
Northern Territory,1/9/2012,7330
Queensland,1/9/2012,137780
South Australia,1/9/2012,12420
Tasmania,1/9/2012,2170
Victoria,1/9/2012,94080
Western Australia,1/9/2012,52880
Australian Capital Territory,1/10/2012,5690
New South Wales,1/10/2012,188560
Northern Territory,1/10/2012,7760
Queensland,1/10/2012,136660
South Australia,1/10/2012,13310
Tasmania,1/10/2012,2890
Victoria,1/10/2012,110700
Western Australia,1/10/2012,55440
Australian Capital Territory,1/11/2012,5500
New South Wales,1/11/2012,205910
Northern Territory,1/11/2012,7300
Queensland,1/11/2012,131390
South Australia,1/11/2012,17190
Tasmania,1/11/2012,3690
Victoria,1/11/2012,125790
Western Australia,1/11/2012,63340
Australian Capital Territory,1/12/2012,7920
New South Wales,1/12/2012,273250
Northern Territory,1/12/2012,5250
Queensland,1/12/2012,153780
South Australia,1/12/2012,25640
Tasmania,1/12/2012,6910
Victoria,1/12/2012,169900
Western Australia,1/12/2012,78660
Australian Capital Territory,1/1/2013,5690
New South Wales,1/1/2013,188870
Northern Territory,1/1/2013,4800
Queensland,1/1/2013,102450
South Australia,1/1/2013,15230
Tasmania,1/1/2013,4760
Victoria,1/1/2013,111750
Western Australia,1/1/2013,55130
Australian Capital Territory,1/2/2013,8170
New South Wales,1/2/2013,238430
Northern Territory,1/2/2013,4710
Queensland,1/2/2013,128250
South Australia,1/2/2013,19840
Tasmania,1/2/2013,7270
Victoria,1/2/2013,146410
Western Australia,1/2/2013,63900
Australian Capital Territory,1/3/2013,5010
New South Wales,1/3/2013,220950
Northern Territory,1/3/2013,6220
Queensland,1/3/2013,127570
South Australia,1/3/2013,18750
Tasmania,1/3/2013,4540
Victoria,1/3/2013,139930
Western Australia,1/3/2013,65890
Australian Capital Territory,1/4/2013,4420
New South Wales,1/4/2013,176770
Northern Territory,1/4/2013,9190
Queensland,1/4/2013,103840
South Australia,1/4/2013,13660
Tasmania,1/4/2013,2710
Victoria,1/4/2013,100110
Western Australia,1/4/2013,50830
Australian Capital Territory,1/5/2013,4160
New South Wales,1/5/2013,154600
Northern Territory,1/5/2013,6330
Queensland,1/5/2013,100580
South Australia,1/5/2013,10070
Tasmania,1/5/2013,2340
Victoria,1/5/2013,90680
Western Australia,1/5/2013,44580
Australian Capital Territory,1/6/2013,4510
New South Wales,1/6/2013,161070
Northern Territory,1/6/2013,7240
Queensland,1/6/2013,123830
South Australia,1/6/2013,9860
Tasmania,1/6/2013,1620
Victoria,1/6/2013,93300
Western Australia,1/6/2013,46090
Australian Capital Territory,1/7/2013,7240
New South Wales,1/7/2013,188040
Northern Territory,1/7/2013,7940
Queensland,1/7/2013,154760
South Australia,1/7/2013,14400
Tasmania,1/7/2013,2250
Victoria,1/7/2013,109520
Western Australia,1/7/2013,46770
Australian Capital Territory,1/8/2013,4780
New South Wales,1/8/2013,190370
Northern Territory,1/8/2013,10720
Queensland,1/8/2013,142020
South Australia,1/8/2013,13140
Tasmania,1/8/2013,2030
Victoria,1/8/2013,112650
Western Australia,1/8/2013,53620
Australian Capital Territory,1/9/2013,5410
New South Wales,1/9/2013,180970
Northern Territory,1/9/2013,7780
Queensland,1/9/2013,126130
South Australia,1/9/2013,13340
Tasmania,1/9/2013,2140
Victoria,1/9/2013,103720
Western Australia,1/9/2013,54410
Australian Capital Territory,1/10/2013,5350
New South Wales,1/10/2013,205820
Northern Territory,1/10/2013,6490
Queensland,1/10/2013,137040
South Australia,1/10/2013,15150
Tasmania,1/10/2013,3020
Victoria,1/10/2013,112370
Western Australia,1/10/2013,57510
Australian Capital Territory,1/11/2013,5140
New South Wales,1/11/2013,223960
Northern Territory,1/11/2013,4700
Queensland,1/11/2013,124010
South Australia,1/11/2013,20150
Tasmania,1/11/2013,3920
Victoria,1/11/2013,133040
Western Australia,1/11/2013,63200
Australian Capital Territory,1/12/2013,7690
New South Wales,1/12/2013,308030
Northern Territory,1/12/2013,4760
Queensland,1/12/2013,155140
South Australia,1/12/2013,27700
Tasmania,1/12/2013,7460
Victoria,1/12/2013,189170
Western Australia,1/12/2013,89800
Australian Capital Territory,1/1/2014,5370
New South Wales,1/1/2014,225950
Northern Territory,1/1/2014,4530
Queensland,1/1/2014,110450
South Australia,1/1/2014,19380
Tasmania,1/1/2014,4900
Victoria,1/1/2014,132120
Western Australia,1/1/2014,59800
Australian Capital Territory,1/2/2014,8280
New South Wales,1/2/2014,261470
Northern Territory,1/2/2014,4550
Queensland,1/2/2014,121480
South Australia,1/2/2014,22870
Tasmania,1/2/2014,5590
Victoria,1/2/2014,145940
Western Australia,1/2/2014,67450
Australian Capital Territory,1/3/2014,4560
New South Wales,1/3/2014,237870
Northern Territory,1/3/2014,5480
Queensland,1/3/2014,121090
South Australia,1/3/2014,20610
Tasmania,1/3/2014,3760
Victoria,1/3/2014,141520
Western Australia,1/3/2014,65920
Australian Capital Territory,1/4/2014,4280
New South Wales,1/4/2014,203490
Northern Territory,1/4/2014,10830
Queensland,1/4/2014,114320
South Australia,1/4/2014,17090
Tasmania,1/4/2014,3230
Victoria,1/4/2014,116160
Western Australia,1/4/2014,59140
Australian Capital Territory,1/5/2014,4360
New South Wales,1/5/2014,180320
Northern Territory,1/5/2014,6760
Queensland,1/5/2014,105520
South Australia,1/5/2014,14050
Tasmania,1/5/2014,2270
Victoria,1/5/2014,111450
Western Australia,1/5/2014,48140
Australian Capital Territory,1/6/2014,4220
New South Wales,1/6/2014,166080
Northern Territory,1/6/2014,8070
Queensland,1/6/2014,114400
South Australia,1/6/2014,13300
Tasmania,1/6/2014,1500
Victoria,1/6/2014,101000
Western Australia,1/6/2014,49330
Australian Capital Territory,1/7/2014,6390
New South Wales,1/7/2014,201340
Northern Territory,1/7/2014,12140
Queensland,1/7/2014,158600
South Australia,1/7/2014,17500
Tasmania,1/7/2014,2210
Victoria,1/7/2014,134700
Western Australia,1/7/2014,56760
Australian Capital Territory,1/8/2014,5000
New South Wales,1/8/2014,194120
Northern Territory,1/8/2014,10350
Queensland,1/8/2014,147500
South Australia,1/8/2014,14320
Tasmania,1/8/2014,2140
Victoria,1/8/2014,116810
Western Australia,1/8/2014,50660
Australian Capital Territory,1/9/2014,5030
New South Wales,1/9/2014,188280
Northern Territory,1/9/2014,8580
Queensland,1/9/2014,132020
South Australia,1/9/2014,15180
Tasmania,1/9/2014,1930
Victoria,1/9/2014,110730
Western Australia,1/9/2014,60000
Australian Capital Territory,1/10/2014,6520
New South Wales,1/10/2014,210560
Northern Territory,1/10/2014,8490
Queensland,1/10/2014,145290
South Australia,1/10/2014,17470
Tasmania,1/10/2014,3800
Victoria,1/10/2014,132110
Western Australia,1/10/2014,62420
Australian Capital Territory,1/11/2014,6390
New South Wales,1/11/2014,233180
Northern Territory,1/11/2014,7680
Queensland,1/11/2014,127140
South Australia,1/11/2014,17980
Tasmania,1/11/2014,6020
Victoria,1/11/2014,145420
Western Australia,1/11/2014,67350
Australian Capital Territory,1/12/2014,9040
New South Wales,1/12/2014,314940
Northern Territory,1/12/2014,4480
Queensland,1/12/2014,162020
South Australia,1/12/2014,27970
Tasmania,1/12/2014,9010
Victoria,1/12/2014,195610
Western Australia,1/12/2014,88740
Australian Capital Territory,1/1/2015,5980
New South Wales,1/1/2015,214350
Northern Territory,1/1/2015,3960
Queensland,1/1/2015,106810
South Australia,1/1/2015,18480
Tasmania,1/1/2015,4960
Victoria,1/1/2015,137520
Western Australia,1/1/2015,55370
Australian Capital Territory,1/2/2015,9270
New South Wales,1/2/2015,281790
Northern Territory,1/2/2015,5250
Queensland,1/2/2015,136820
South Australia,1/2/2015,25260
Tasmania,1/2/2015,7060
Victoria,1/2/2015,189010
Western Australia,1/2/2015,71600
Australian Capital Territory,1/3/2015,6520
New South Wales,1/3/2015,265090
Northern Territory,1/3/2015,5540
Queensland,1/3/2015,133500
South Australia,1/3/2015,21430
Tasmania,1/3/2015,4780
Victoria,1/3/2015,172420
Western Australia,1/3/2015,69950
Australian Capital Territory,1/4/2015,4800
New South Wales,1/4/2015,206130
Northern Territory,1/4/2015,11090
Queensland,1/4/2015,118720
South Australia,1/4/2015,17510
Tasmania,1/4/2015,2950
Victoria,1/4/2015,129150
Western Australia,1/4/2015,59800
Australian Capital Territory,1/5/2015,4260
New South Wales,1/5/2015,185950
Northern Territory,1/5/2015,5690
Queensland,1/5/2015,111290
South Australia,1/5/2015,12420
Tasmania,1/5/2015,2400
Victoria,1/5/2015,114570
Western Australia,1/5/2015,49060
Australian Capital Territory,1/6/2015,4910
New South Wales,1/6/2015,171900
Northern Territory,1/6/2015,13620
Queensland,1/6/2015,120410
South Australia,1/6/2015,10270
Tasmania,1/6/2015,2310
Victoria,1/6/2015,113940
Western Australia,1/6/2015,50790
Australian Capital Territory,1/7/2015,7900
New South Wales,1/7/2015,214220
Northern Territory,1/7/2015,12130
Queensland,1/7/2015,174460
South Australia,1/7/2015,16930
Tasmania,1/7/2015,3320
Victoria,1/7/2015,140420
Western Australia,1/7/2015,58880
Australian Capital Territory,1/8/2015,4740
New South Wales,1/8/2015,213400
Northern Territory,1/8/2015,8210
Queensland,1/8/2015,146490
South Australia,1/8/2015,13730
Tasmania,1/8/2015,2640
Victoria,1/8/2015,129560
Western Australia,1/8/2015,55360
Australian Capital Territory,1/9/2015,4980
New South Wales,1/9/2015,204230
Northern Territory,1/9/2015,6980
Queensland,1/9/2015,146070
South Australia,1/9/2015,13790
Tasmania,1/9/2015,2910
Victoria,1/9/2015,130300
Western Australia,1/9/2015,62750
Australian Capital Territory,1/10/2015,6100
New South Wales,1/10/2015,226460
Northern Territory,1/10/2015,6690
Queensland,1/10/2015,151540
South Australia,1/10/2015,15970
Tasmania,1/10/2015,3950
Victoria,1/10/2015,152620
Western Australia,1/10/2015,62470
Australian Capital Territory,1/11/2015,6320
New South Wales,1/11/2015,251080
Northern Territory,1/11/2015,5830
Queensland,1/11/2015,141970
South Australia,1/11/2015,17850
Tasmania,1/11/2015,6060
Victoria,1/11/2015,169380
Western Australia,1/11/2015,73050
Australian Capital Territory,1/12/2015,7750
New South Wales,1/12/2015,350330
Northern Territory,1/12/2015,4060
Queensland,1/12/2015,176140
South Australia,1/12/2015,27090
Tasmania,1/12/2015,9240
Victoria,1/12/2015,231930
Western Australia,1/12/2015,94760
Australian Capital Territory,1/1/2016,5180
New South Wales,1/1/2016,245020
Northern Territory,1/1/2016,3590
Queensland,1/1/2016,123610
South Australia,1/1/2016,16530
Tasmania,1/1/2016,5550
Victoria,1/1/2016,162400
Western Australia,1/1/2016,55790
Australian Capital Territory,1/2/2016,8980
New South Wales,1/2/2016,316290
Northern Territory,1/2/2016,4700
Queensland,1/2/2016,148240
South Australia,1/2/2016,22590
Tasmania,1/2/2016,7610
Victoria,1/2/2016,209120
Western Australia,1/2/2016,81070
Australian Capital Territory,1/3/2016,7590
New South Wales,1/3/2016,298660
Northern Territory,1/3/2016,5270
Queensland,1/3/2016,153120
South Australia,1/3/2016,21540
Tasmania,1/3/2016,5400
Victoria,1/3/2016,187650
Western Australia,1/3/2016,78120
Australian Capital Territory,1/4/2016,5720
New South Wales,1/4/2016,235320
Northern Territory,1/4/2016,8270
Queensland,1/4/2016,131910
South Australia,1/4/2016,15610
Tasmania,1/4/2016,3500
Victoria,1/4/2016,146960
Western Australia,1/4/2016,63200
Australian Capital Territory,1/5/2016,4050
New South Wales,1/5/2016,204520
Northern Territory,1/5/2016,5530
Queensland,1/5/2016,122980
South Australia,1/5/2016,12290
Tasmania,1/5/2016,2830
Victoria,1/5/2016,132470
Western Australia,1/5/2016,56600
Australian Capital Territory,1/6/2016,4510
New South Wales,1/6/2016,199940
Northern Territory,1/6/2016,6120
Queensland,1/6/2016,136350
South Australia,1/6/2016,12420
Tasmania,1/6/2016,3160
Victoria,1/6/2016,134940
Western Australia,1/6/2016,57630
Australian Capital Territory,1/7/2016,8790
New South Wales,1/7/2016,248040
Northern Territory,1/7/2016,13540
Queensland,1/7/2016,184900
South Australia,1/7/2016,19640
Tasmania,1/7/2016,4160
Victoria,1/7/2016,168990
Western Australia,1/7/2016,67730
Australian Capital Territory,1/8/2016,4210
New South Wales,1/8/2016,233070
Northern Territory,1/8/2016,9470
Queensland,1/8/2016,161530
South Australia,1/8/2016,14390
Tasmania,1/8/2016,3120
Victoria,1/8/2016,147170
Western Australia,1/8/2016,59170
Australian Capital Territory,1/9/2016,5950
New South Wales,1/9/2016,231420
Northern Territory,1/9/2016,8440
Queensland,1/9/2016,163710
South Australia,1/9/2016,16830
Tasmania,1/9/2016,3310
Victoria,1/9/2016,145180
Western Australia,1/9/2016,72190
Australian Capital Territory,1/10/2016,6770
New South Wales,1/10/2016,249410
Northern Territory,1/10/2016,7200
Queensland,1/10/2016,169250
South Australia,1/10/2016,17820
Tasmania,1/10/2016,4220
Victoria,1/10/2016,169770
Western Australia,1/10/2016,71470
Australian Capital Territory,1/11/2016,6690
New South Wales,1/11/2016,280130
Northern Territory,1/11/2016,5440
Queensland,1/11/2016,145220
South Australia,1/11/2016,18310
Tasmania,1/11/2016,6900
Victoria,1/11/2016,181350
Western Australia,1/11/2016,77780
Australian Capital Territory,1/12/2016,9810
New South Wales,1/12/2016,377470
Northern Territory,1/12/2016,5960
Queensland,1/12/2016,185360
South Australia,1/12/2016,29220
Tasmania,1/12/2016,10760
Victoria,1/12/2016,254120
Western Australia,1/12/2016,103400
Australian Capital Territory,1/1/2017,6620
New South Wales,1/1/2017,297840
Northern Territory,1/1/2017,4080
Queensland,1/1/2017,133540
South Australia,1/1/2017,20230
Tasmania,1/1/2017,7090
Victoria,1/1/2017,190760
Western Australia,1/1/2017,63790
Australian Capital Territory,1/2/2017,10340
New South Wales,1/2/2017,313880
Northern Territory,1/2/2017,6620
Queensland,1/2/2017,141680
South Australia,1/2/2017,25050
Tasmania,1/2/2017,7440
Victoria,1/2/2017,206910
Western Australia,1/2/2017,75650
Australian Capital Territory,1/3/2017,6860
New South Wales,1/3/2017,305540
Northern Territory,1/3/2017,5670
Queensland,1/3/2017,152560
South Australia,1/3/2017,22410
Tasmania,1/3/2017,6020
Victoria,1/3/2017,194860
Western Australia,1/3/2017,78240
Australian Capital Territory,1/4/2017,7170
New South Wales,1/4/2017,275910
Northern Territory,1/4/2017,8150
Queensland,1/4/2017,144470
South Australia,1/4/2017,17440
Tasmania,1/4/2017,4700
Victoria,1/4/2017,171090
Western Australia,1/4/2017,71030
Australian Capital Territory,1/5/2017,4390
New South Wales,1/5/2017,222860
Northern Territory,1/5/2017,7280
Queensland,1/5/2017,128360
South Australia,1/5/2017,13020
Tasmania,1/5/2017,3450
Victoria,1/5/2017,140710
Western Australia,1/5/2017,58990
Australian Capital Territory,1/6/2017,6610
New South Wales,1/6/2017,221400
Northern Territory,1/6/2017,9840
Queensland,1/6/2017,139920
South Australia,1/6/2017,14080
Tasmania,1/6/2017,3890
Victoria,1/6/2017,148840
Western Australia,1/6/2017,61400
Australian Capital Territory,1/7/2017,10620
New South Wales,1/7/2017,269510
Northern Territory,1/7/2017,10020
Queensland,1/7/2017,194860
South Australia,1/7/2017,20690
Tasmania,1/7/2017,5430
Victoria,1/7/2017,173800
Western Australia,1/7/2017,61460
Australian Capital Territory,1/8/2017,7430
New South Wales,1/8/2017,257000
Northern Territory,1/8/2017,8960
Queensland,1/8/2017,172140
South Australia,1/8/2017,17850
Tasmania,1/8/2017,4700
Victoria,1/8/2017,170040
Western Australia,1/8/2017,64730
Australian Capital Territory,1/9/2017,7460
New South Wales,1/9/2017,247690
Northern Territory,1/9/2017,8250
Queensland,1/9/2017,158140
South Australia,1/9/2017,20550
Tasmania,1/9/2017,4920
Victoria,1/9/2017,151830
Western Australia,1/9/2017,64720
Australian Capital Territory,1/10/2017,7330
New South Wales,1/10/2017,279160
Northern Territory,1/10/2017,8190
Queensland,1/10/2017,171110
South Australia,1/10/2017,20190
Tasmania,1/10/2017,6330
Victoria,1/10/2017,177210
Western Australia,1/10/2017,71830
Australian Capital Territory,1/11/2017,8170
New South Wales,1/11/2017,302790
Northern Territory,1/11/2017,6520
Queensland,1/11/2017,154570
South Australia,1/11/2017,23240
Tasmania,1/11/2017,8560
Victoria,1/11/2017,195260
Western Australia,1/11/2017,77960
Australian Capital Territory,1/12/2017,10530
New South Wales,1/12/2017,389480
Northern Territory,1/12/2017,4790
Queensland,1/12/2017,196800
South Australia,1/12/2017,32460
Tasmania,1/12/2017,13740
Victoria,1/12/2017,263240
Western Australia,1/12/2017,103960
Australian Capital Territory,1/1/2018,8260
New South Wales,1/1/2018,270170
Northern Territory,1/1/2018,4200
Queensland,1/1/2018,139380
South Australia,1/1/2018,21910
Tasmania,1/1/2018,7810
Victoria,1/1/2018,190960
Western Australia,1/1/2018,59810
Australian Capital Territory,1/2/2018,13630
New South Wales,1/2/2018,360980
Northern Territory,1/2/2018,4250
Queensland,1/2/2018,168500
South Australia,1/2/2018,29330
Tasmania,1/2/2018,12290
Victoria,1/2/2018,243500
Western Australia,1/2/2018,82050
Australian Capital Territory,1/3/2018,8700
New South Wales,1/3/2018,343770
Northern Territory,1/3/2018,5280
Queensland,1/3/2018,173800
South Australia,1/3/2018,25160
Tasmania,1/3/2018,9300
Victoria,1/3/2018,222700
Western Australia,1/3/2018,83580
Australian Capital Territory,1/4/2018,9820
New South Wales,1/4/2018,258380
Northern Territory,1/4/2018,6370
Queensland,1/4/2018,144960
South Australia,1/4/2018,20240
Tasmania,1/4/2018,6160
Victoria,1/4/2018,173780
Western Australia,1/4/2018,60040
Australian Capital Territory,1/5/2018,7790
New South Wales,1/5/2018,229400
Northern Territory,1/5/2018,5520
Queensland,1/5/2018,135660
South Australia,1/5/2018,15130
Tasmania,1/5/2018,4400
Victoria,1/5/2018,153190
Western Australia,1/5/2018,58350
Australian Capital Territory,1/6/2018,7470
New South Wales,1/6/2018,229540
Northern Territory,1/6/2018,6490
Queensland,1/6/2018,156160
South Australia,1/6/2018,14880
Tasmania,1/6/2018,4690
Victoria,1/6/2018,164970
Western Australia,1/6/2018,62410
Australian Capital Territory,1/7/2018,12070
New South Wales,1/7/2018,271210
Northern Territory,1/7/2018,8860
Queensland,1/7/2018,206470
South Australia,1/7/2018,20190
Tasmania,1/7/2018,5350
Victoria,1/7/2018,191350
Western Australia,1/7/2018,58770
Australian Capital Territory,1/8/2018,6490
New South Wales,1/8/2018,264220
Northern Territory,1/8/2018,8190
Queensland,1/8/2018,191630
South Australia,1/8/2018,18310
Tasmania,1/8/2018,3790
Victoria,1/8/2018,183120
Western Australia,1/8/2018,65920
Australian Capital Territory,1/9/2018,7200
New South Wales,1/9/2018,251580
Northern Territory,1/9/2018,7010
Queensland,1/9/2018,169090
South Australia,1/9/2018,18620
Tasmania,1/9/2018,4800
Victoria,1/9/2018,167310
Western Australia,1/9/2018,64560
Australian Capital Territory,1/10/2018,7980
New South Wales,1/10/2018,283930
Northern Territory,1/10/2018,5050
Queensland,1/10/2018,169300
South Australia,1/10/2018,20490
Tasmania,1/10/2018,6290
Victoria,1/10/2018,190240
Western Australia,1/10/2018,70660
Australian Capital Territory,1/11/2018,9120
New South Wales,1/11/2018,306210
Northern Territory,1/11/2018,5560
Queensland,1/11/2018,153530
South Australia,1/11/2018,24480
Tasmania,1/11/2018,9150
Victoria,1/11/2018,215210
Western Australia,1/11/2018,78830
Australian Capital Territory,1/12/2018,11230
New South Wales,1/12/2018,403740
Northern Territory,1/12/2018,5540
Queensland,1/12/2018,204530
South Australia,1/12/2018,31490
Tasmania,1/12/2018,14550
Victoria,1/12/2018,282610
Western Australia,1/12/2018,104110
Australian Capital Territory,1/1/2019,8030
New South Wales,1/1/2019,282660
Northern Territory,1/1/2019,3420
Queensland,1/1/2019,141460
South Australia,1/1/2019,22480
Tasmania,1/1/2019,8540
Victoria,1/1/2019,205580
Western Australia,1/1/2019,58910
Australian Capital Territory,1/2/2019,14420
New South Wales,1/2/2019,357420
Northern Territory,1/2/2019,5110
Queensland,1/2/2019,165280
South Australia,1/2/2019,30240
Tasmania,1/2/2019,13270
Victoria,1/2/2019,259060
Western Australia,1/2/2019,82460
Australian Capital Territory,1/3/2019,8280
New South Wales,1/3/2019,314010
Northern Territory,1/3/2019,4920
Queensland,1/3/2019,166420
South Australia,1/3/2019,24700
Tasmania,1/3/2019,8730
Victoria,1/3/2019,234430
Western Australia,1/3/2019,74810
Australian Capital Territory,1/4/2019,7220
New South Wales,1/4/2019,267170
Northern Territory,1/4/2019,7250
Queensland,1/4/2019,148810
South Australia,1/4/2019,20480
Tasmania,1/4/2019,6540
Victoria,1/4/2019,180000
Western Australia,1/4/2019,62860
Australian Capital Territory,1/5/2019,6140
New South Wales,1/5/2019,251990
Northern Territory,1/5/2019,6060
Queensland,1/5/2019,144290
South Australia,1/5/2019,17540
Tasmania,1/5/2019,4640
Victoria,1/5/2019,176510
Western Australia,1/5/2019,61100
Australian Capital Territory,1/6/2019,6960
New South Wales,1/6/2019,235050
Northern Territory,1/6/2019,7070
Queensland,1/6/2019,156510
South Australia,1/6/2019,16450
Tasmania,1/6/2019,4540
Victoria,1/6/2019,170790
Western Australia,1/6/2019,62950
Australian Capital Territory,1/7/2019,11130
New South Wales,1/7/2019,268050
Northern Territory,1/7/2019,9460
Queensland,1/7/2019,206910
South Australia,1/7/2019,21950
Tasmania,1/7/2019,5670
Victoria,1/7/2019,201930
Western Australia,1/7/2019,65260
Australian Capital Territory,1/8/2019,8000
New South Wales,1/8/2019,282800
Northern Territory,1/8/2019,8820
Queensland,1/8/2019,194200
South Australia,1/8/2019,19450
Tasmania,1/8/2019,5950
Victoria,1/8/2019,196970
Western Australia,1/8/2019,72990
Australian Capital Territory,1/9/2019,8460
New South Wales,1/9/2019,251730
Northern Territory,1/9/2019,8450
Queensland,1/9/2019,160010
South Australia,1/9/2019,22780
Tasmania,1/9/2019,5130
Victoria,1/9/2019,168980
Western Australia,1/9/2019,69390
Australian Capital Territory,1/10/2019,8110
New South Wales,1/10/2019,285200
Northern Territory,1/10/2019,7460
Queensland,1/10/2019,169720
South Australia,1/10/2019,23440
Tasmania,1/10/2019,6830
Victoria,1/10/2019,195580
Western Australia,1/10/2019,77630
Australian Capital Territory,1/11/2019,9520
New South Wales,1/11/2019,298050
Northern Territory,1/11/2019,4370
Queensland,1/11/2019,166020
South Australia,1/11/2019,23320
Tasmania,1/11/2019,10320
Victoria,1/11/2019,220340
Western Australia,1/11/2019,83910
Australian Capital Territory,1/12/2019,12920
New South Wales,1/12/2019,388710
Northern Territory,1/12/2019,4480
Queensland,1/12/2019,212050
South Australia,1/12/2019,33300
Tasmania,1/12/2019,14900
Victoria,1/12/2019,299560
Western Australia,1/12/2019,111800
Australian Capital Territory,1/1/2020,7020
New South Wales,1/1/2020,280350
Northern Territory,1/1/2020,4010
Queensland,1/1/2020,148730
South Australia,1/1/2020,24430
Tasmania,1/1/2020,10450
Victoria,1/1/2020,218240
Western Australia,1/1/2020,73320
Australian Capital Territory,1/2/2020,9080
New South Wales,1/2/2020,252660
Northern Territory,1/2/2020,4390
Queensland,1/2/2020,131350
South Australia,1/2/2020,22070
Tasmania,1/2/2020,9370
Victoria,1/2/2020,181500
Western Australia,1/2/2020,74980
Australian Capital Territory,1/3/2020,4700
New South Wales,1/3/2020,114510
Northern Territory,1/3/2020,1670
Queensland,1/3/2020,62110
South Australia,1/3/2020,11410
Tasmania,1/3/2020,4310
Victoria,1/3/2020,97620
Western Australia,1/3/2020,35490
Australian Capital Territory,1/4/2020,60
New South Wales,1/4/2020,720
Northern Territory,1/4/2020,10
Queensland,1/4/2020,640
South Australia,1/4/2020,70
Tasmania,1/4/2020,10
Victoria,1/4/2020,480
Western Australia,1/4/2020,250
Australian Capital Territory,1/5/2020,60
New South Wales,1/5/2020,1420
Northern Territory,1/5/2020,60
Queensland,1/5/2020,640
South Australia,1/5/2020,100
Tasmania,1/5/2020,20
Victoria,1/5/2020,770
Western Australia,1/5/2020,370
Australian Capital Territory,1/6/2020,120
New South Wales,1/6/2020,1920
Northern Territory,1/6/2020,290
Queensland,1/6/2020,1320
South Australia,1/6/2020,90
Tasmania,1/6/2020,10
Victoria,1/6/2020,1140
Western Australia,1/6/2020,510
Australian Capital Territory,1/7/2020,80
New South Wales,1/7/2020,1570
Northern Territory,1/7/2020,30
Queensland,1/7/2020,920
South Australia,1/7/2020,100
Tasmania,1/7/2020,30
Victoria,1/7/2020,310
Western Australia,1/7/2020,460
Australian Capital Territory,1/8/2020,60
New South Wales,1/8/2020,1600
Northern Territory,1/8/2020,30
Queensland,1/8/2020,600
South Australia,1/8/2020,50
Tasmania,1/8/2020,10
Victoria,1/8/2020,220
Western Australia,1/8/2020,460
Australian Capital Territory,1/9/2020,90
New South Wales,1/9/2020,1880
Northern Territory,1/9/2020,270
Queensland,1/9/2020,730
South Australia,1/9/2020,100
Tasmania,1/9/2020,20
Victoria,1/9/2020,330
Western Australia,1/9/2020,300
Australian Capital Territory,1/10/2020,80
New South Wales,1/10/2020,3440
Northern Territory,1/10/2020,40
Queensland,1/10/2020,990
South Australia,1/10/2020,180
Tasmania,1/10/2020,50
Victoria,1/10/2020,640
Western Australia,1/10/2020,640
Australian Capital Territory,1/11/2020,110
New South Wales,1/11/2020,4520
Northern Territory,1/11/2020,50
Queensland,1/11/2020,1130
South Australia,1/11/2020,290
Tasmania,1/11/2020,50
Victoria,1/11/2020,740
Western Australia,1/11/2020,670
Australian Capital Territory,1/12/2020,140
New South Wales,1/12/2020,4720
Northern Territory,1/12/2020,40
Queensland,1/12/2020,1100
South Australia,1/12/2020,220
Tasmania,1/12/2020,300
Victoria,1/12/2020,1620
Western Australia,1/12/2020,680
Australian Capital Territory,1/1/2021,180
New South Wales,1/1/2021,2910
Northern Territory,1/1/2021,100
Queensland,1/1/2021,1500
South Australia,1/1/2021,260
Tasmania,1/1/2021,340
Victoria,1/1/2021,2040
Western Australia,1/1/2021,650
Australian Capital Territory,1/2/2021,100
New South Wales,1/2/2021,2790
Northern Territory,1/2/2021,50
Queensland,1/2/2021,1410
South Australia,1/2/2021,220
Tasmania,1/2/2021,80
Victoria,1/2/2021,920
Western Australia,1/2/2021,670
Australian Capital Territory,1/3/2021,80
New South Wales,1/3/2021,4130
Northern Territory,1/3/2021,360
Queensland,1/3/2021,1370
South Australia,1/3/2021,210
Tasmania,1/3/2021,120
Victoria,1/3/2021,1280
Western Australia,1/3/2021,780
Australian Capital Territory,1/4/2021,170
New South Wales,1/4/2021,10940
Northern Territory,1/4/2021,130
Queensland,1/4/2021,5100
South Australia,1/4/2021,650
Tasmania,1/4/2021,220
Victoria,1/4/2021,4030
Western Australia,1/4/2021,1360
Australian Capital Territory,1/5/2021,320
New South Wales,1/5/2021,16490
Northern Territory,1/5/2021,240
Queensland,1/5/2021,9850
South Australia,1/5/2021,780
Tasmania,1/5/2021,360
Victoria,1/5/2021,5850
Western Australia,1/5/2021,2300
Australian Capital Territory,1/6/2021,440
New South Wales,1/6/2021,16880
Northern Territory,1/6/2021,330
Queensland,1/6/2021,13030
South Australia,1/6/2021,780
Tasmania,1/6/2021,400
Victoria,1/6/2021,2490
Western Australia,1/6/2021,2410
Australian Capital Territory,1/7/2021,200
New South Wales,1/7/2021,6160
Northern Territory,1/7/2021,340
Queensland,1/7/2021,5800
South Australia,1/7/2021,640
Tasmania,1/7/2021,360
Victoria,1/7/2021,3280
Western Australia,1/7/2021,1950
Australian Capital Territory,1/8/2021,110
New South Wales,1/8/2021,1450
Northern Territory,1/8/2021,390
Queensland,1/8/2021,1850
South Australia,1/8/2021,190
Tasmania,1/8/2021,180
Victoria,1/8/2021,1390
Western Australia,1/8/2021,830
Australian Capital Territory,1/9/2021,90
New South Wales,1/9/2021,730
Northern Territory,1/9/2021,700
Queensland,1/9/2021,1270
South Australia,1/9/2021,230
Tasmania,1/9/2021,130
Victoria,1/9/2021,720
Western Australia,1/9/2021,560
Australian Capital Territory,1/10/2021,60
New South Wales,1/10/2021,980
Northern Territory,1/10/2021,190
Queensland,1/10/2021,1390
South Australia,1/10/2021,170
Tasmania,1/10/2021,340
Victoria,1/10/2021,610
Western Australia,1/10/2021,660
Australian Capital Territory,1/11/2021,460
New South Wales,1/11/2021,10210
Northern Territory,1/11/2021,240
Queensland,1/11/2021,1320
South Australia,1/11/2021,500
Tasmania,1/11/2021,530
Victoria,1/11/2021,6510
Western Australia,1/11/2021,1090
Australian Capital Territory,1/12/2021,1680
New South Wales,1/12/2021,37150
Northern Territory,1/12/2021,340
Queensland,1/12/2021,3340
South Australia,1/12/2021,1580
Tasmania,1/12/2021,1040
Victoria,1/12/2021,26340
Western Australia,1/12/2021,1810
Australian Capital Territory,1/1/2022,1480
New South Wales,1/1/2022,26850
Northern Territory,1/1/2022,400
Queensland,1/1/2022,5790
South Australia,1/1/2022,2640
Tasmania,1/1/2022,720
Victoria,1/1/2022,21740
Western Australia,1/1/2022,1130
Australian Capital Territory,1/2/2022,2150
New South Wales,1/2/2022,34900
Northern Territory,1/2/2022,1000
Queensland,1/2/2022,14860
South Australia,1/2/2022,4300
Tasmania,1/2/2022,910
Victoria,1/2/2022,29440
Western Australia,1/2/2022,2870
Australian Capital Territory,1/3/2022,2990
New South Wales,1/3/2022,62610
Northern Territory,1/3/2022,690
Queensland,1/3/2022,30990
South Australia,1/3/2022,6720
Tasmania,1/3/2022,1740
Victoria,1/3/2022,47660
Western Australia,1/3/2022,16810
Australian Capital Territory,1/4/2022,3340
New South Wales,1/4/2022,82280
Northern Territory,1/4/2022,1430
Queensland,1/4/2022,44920
South Australia,1/4/2022,8470
Tasmania,1/4/2022,2330
Victoria,1/4/2022,65620
Western Australia,1/4/2022,27060
Australian Capital Territory,1/5/2022,3140
New South Wales,1/5/2022,81990
Northern Territory,1/5/2022,2000
Queensland,1/5/2022,47610
South Australia,1/5/2022,8330
Tasmania,1/5/2022,2050
Victoria,1/5/2022,61660
Western Australia,1/5/2022,24680
Australian Capital Territory,1/6/2022,3690
New South Wales,1/6/2022,91340
Northern Territory,1/6/2022,1750
Queensland,1/6/2022,63610
South Australia,1/6/2022,8850
Tasmania,1/6/2022,2800
Victoria,1/6/2022,74060
Western Australia,1/6/2022,29190
Australian Capital Territory,1/7/2022,5600
New South Wales,1/7/2022,107570
Northern Territory,1/7/2022,3210
Queensland,1/7/2022,81880
South Australia,1/7/2022,10840
Tasmania,1/7/2022,2660
Victoria,1/7/2022,81840
Western Australia,1/7/2022,32050
Australian Capital Territory,1/8/2022,4460
New South Wales,1/8/2022,120860
Northern Territory,1/8/2022,5560
Queensland,1/8/2022,82700
South Australia,1/8/2022,10390
Tasmania,1/8/2022,2730
Victoria,1/8/2022,87330
Western Australia,1/8/2022,34380
Australian Capital Territory,1/9/2022,5430
New South Wales,1/9/2022,128980
Northern Territory,1/9/2022,3860
Queensland,1/9/2022,86910
South Australia,1/9/2022,12020
Tasmania,1/9/2022,3030
Victoria,1/9/2022,90290
Western Australia,1/9/2022,41290
Australian Capital Territory,1/10/2022,5300
New South Wales,1/10/2022,150840
Northern Territory,1/10/2022,2560
Queensland,1/10/2022,96970
South Australia,1/10/2022,14680
Tasmania,1/10/2022,5220
Victoria,1/10/2022,110020
Western Australia,1/10/2022,44870
Australian Capital Territory,1/11/2022,6910
New South Wales,1/11/2022,181040
Northern Territory,1/11/2022,2950
Queensland,1/11/2022,99100
South Australia,1/11/2022,17140
Tasmania,1/11/2022,7510
Victoria,1/11/2022,133520
Western Australia,1/11/2022,57000
Australian Capital Territory,1/12/2022,9080
New South Wales,1/12/2022,242050
Northern Territory,1/12/2022,2570
Queensland,1/12/2022,120560
South Australia,1/12/2022,23110
Tasmania,1/12/2022,10150
Victoria,1/12/2022,170840
Western Australia,1/12/2022,70610
Australian Capital Territory,1/1/2023,5400
New South Wales,1/1/2023,159130
Northern Territory,1/1/2023,2260
Queensland,1/1/2023,73690
South Australia,1/1/2023,15650
Tasmania,1/1/2023,5920
Victoria,1/1/2023,109950
Western Australia,1/1/2023,40400
Australian Capital Territory,1/2/2023,9480
New South Wales,1/2/2023,247020
Northern Territory,1/2/2023,2830
Queensland,1/2/2023,100040
South Australia,1/2/2023,20920
Tasmania,1/2/2023,8180
Victoria,1/2/2023,154570
Western Australia,1/2/2023,57590
Australian Capital Territory,1/3/2023,7440
New South Wales,1/3/2023,234000
Northern Territory,1/3/2023,4000
Queensland,1/3/2023,111920
South Australia,1/3/2023,23070
Tasmania,1/3/2023,8260
Victoria,1/3/2023,159250
Western Australia,1/3/2023,65300
Australian Capital Territory,1/4/2023,7480
New South Wales,1/4/2023,200230
Northern Territory,1/4/2023,3930
Queensland,1/4/2023,105730
South Australia,1/4/2023,18180
Tasmania,1/4/2023,5150
Victoria,1/4/2023,144420
Western Australia,1/4/2023,59740
Australian Capital Territory,1/5/2023,6620
New South Wales,1/5/2023,189420
Northern Territory,1/5/2023,3860
Queensland,1/5/2023,104520
South Australia,1/5/2023,15840
Tasmania,1/5/2023,3740
Victoria,1/5/2023,138830
Western Australia,1/5/2023,49460
Australian Capital Territory,1/6/2023,6980
New South Wales,1/6/2023,203410
Northern Territory,1/6/2023,4970
Queensland,1/6/2023,123700
South Australia,1/6/2023,15700
Tasmania,1/6/2023,4770
Victoria,1/6/2023,132140
Western Australia,1/6/2023,50370
Australian Capital Territory,1/7/2023,10780
New South Wales,1/7/2023,233530
Northern Territory,1/7/2023,5520
Queensland,1/7/2023,152860
South Australia,1/7/2023,18490
Tasmania,1/7/2023,4150
Victoria,1/7/2023,153260
Western Australia,1/7/2023,46450
Australian Capital Territory,1/8/2023,6640
New South Wales,1/8/2023,230460
Northern Territory,1/8/2023,4960
Queensland,1/8/2023,141410
South Australia,1/8/2023,14860
Tasmania,1/8/2023,4140
Victoria,1/8/2023,146660
Western Australia,1/8/2023,54240
Australian Capital Territory,1/9/2023,7790
New South Wales,1/9/2023,220760
Northern Territory,1/9/2023,4110
Queensland,1/9/2023,135030
South Australia,1/9/2023,16690
Tasmania,1/9/2023,3790
Victoria,1/9/2023,139180
Western Australia,1/9/2023,57120
Australian Capital Territory,1/10/2023,6720
New South Wales,1/10/2023,235230
Northern Territory,1/10/2023,3650
Queensland,1/10/2023,128570
South Australia,1/10/2023,17550
Tasmania,1/10/2023,5730
Victoria,1/10/2023,154040
Western Australia,1/10/2023,56430
Australian Capital Territory,1/11/2023,8120
New South Wales,1/11/2023,255670
Northern Territory,1/11/2023,2930
Queensland,1/11/2023,128830
South Australia,1/11/2023,19770
Tasmania,1/11/2023,8200
Victoria,1/11/2023,172770
Western Australia,1/11/2023,67460
Australian Capital Territory,1/12/2023,10430
New South Wales,1/12/2023,351760
Northern Territory,1/12/2023,3000
Queensland,1/12/2023,159270
South Australia,1/12/2023,25240
Tasmania,1/12/2023,9990
Victoria,1/12/2023,236680
Western Australia,1/12/2023,80370
Australian Capital Territory,1/1/2024,7500
New South Wales,1/1/2024,240650
Northern Territory,1/1/2024,2510
Queensland,1/1/2024,105180
South Australia,1/1/2024,20680
Tasmania,1/1/2024,7020
Victoria,1/1/2024,169910
Western Australia,1/1/2024,50300
Australian Capital Territory,1/2/2024,11620
New South Wales,1/2/2024,352320
Northern Territory,1/2/2024,3380
Queensland,1/2/2024,139620
South Australia,1/2/2024,24390
Tasmania,1/2/2024,9990
Victoria,1/2/2024,238270
Western Australia,1/2/2024,78250
Australian Capital Territory,1/3/2024,8390
New South Wales,1/3/2024,282310
Northern Territory,1/3/2024,3580
Queensland,1/3/2024,159500
South Australia,1/3/2024,22290
Tasmania,1/3/2024,9210
Victoria,1/3/2024,199120
Western Australia,1/3/2024,76560
Australian Capital Territory,1/4/2024,7430
New South Wales,1/4/2024,223790
Northern Territory,1/4/2024,4120
Queensland,1/4/2024,123210
South Australia,1/4/2024,18400
Tasmania,1/4/2024,4780
Victoria,1/4/2024,150720
Western Australia,1/4/2024,60570
Australian Capital Territory,1/5/2024,7230
New South Wales,1/5/2024,224370
Northern Territory,1/5/2024,4540
Queensland,1/5/2024,122910
South Australia,1/5/2024,15590
Tasmania,1/5/2024,5060
Victoria,1/5/2024,155240
Western Australia,1/5/2024,65820
Australian Capital Territory,1/6/2024,6260
New South Wales,1/6/2024,209940
Northern Territory,1/6/2024,5120
Queensland,1/6/2024,130370
South Australia,1/6/2024,15350
Tasmania,1/6/2024,3720
Victoria,1/6/2024,154820
Western Australia,1/6/2024,62120
Australian Capital Territory,1/7/2024,8810
New South Wales,1/7/2024,234450
Northern Territory,1/7/2024,6740
Queensland,1/7/2024,171360
South Australia,1/7/2024,15820
Tasmania,1/7/2024,3900
Victoria,1/7/2024,161390
Western Australia,1/7/2024,56420
